-- phpMyAdmin SQL Dump
-- version 5.2.0
-- https://www.phpmyadmin.net/
--
-- Host: 127.0.0.1
-- Generation Time: Aug 05, 2024 at 02:44 AM
-- Server version: 10.4.27-MariaDB
-- PHP Version: 8.2.0

SET SQL_MODE = "NO_AUTO_VALUE_ON_ZERO";
START TRANSACTION;
SET time_zone = "+00:00";


/*!40101 SET @OLD_CHARACTER_SET_CLIENT=@@CHARACTER_SET_CLIENT */;
/*!40101 SET @OLD_CHARACTER_SET_RESULTS=@@CHARACTER_SET_RESULTS */;
/*!40101 SET @OLD_COLLATION_CONNECTION=@@COLLATION_CONNECTION */;
/*!40101 SET NAMES utf8mb4 */;

--
-- Database: `kependudukan`
--

-- --------------------------------------------------------

--
-- Table structure for table `admin`
--

CREATE TABLE `admin` (
  `id` int(11) NOT NULL,
  `name` varchar(128) NOT NULL,
  `email` varchar(128) NOT NULL,
  `password` varchar(256) NOT NULL,
  `role_id` int(11) NOT NULL,
  `is_active` int(1) NOT NULL,
  `date_created` int(11) NOT NULL
) ENGINE=InnoDB DEFAULT CHARSET=utf8mb4 COLLATE=utf8mb4_general_ci;

--
-- Dumping data for table `admin`
--

INSERT INTO `admin` (`id`, `name`, `email`, `password`, `role_id`, `is_active`, `date_created`) VALUES
(69, 'admin', 'admin@gmail.com', '$2y$10$9PFUpmzvw4CZTQ.ncWE6.uMX4QgZ1XxHIda7cAysPFsfLqrc9krq.', 2, 1, 1714305267);

-- --------------------------------------------------------

--
-- Table structure for table `alternatif`
--

CREATE TABLE `alternatif` (
  `id_alternatif` int(11) NOT NULL,
  `kode_alternatif` varchar(5) NOT NULL,
  `nik` varchar(16) NOT NULL,
  `nama_alternatif` varchar(50) NOT NULL,
  `alamat` varchar(255) NOT NULL
) ENGINE=InnoDB DEFAULT CHARSET=latin1 COLLATE=latin1_swedish_ci;

--
-- Dumping data for table `alternatif`
--

INSERT INTO `alternatif` (`id_alternatif`, `kode_alternatif`, `nik`, `nama_alternatif`, `alamat`) VALUES
(21, 'A001', '001', 'Penduduk 1', 'Jln. A'),
(22, 'A002', '002', 'Penduduk 2', 'Jln. B'),
(23, 'A003', '003', 'Penduduk 3', 'Jln. C'),
(24, 'A004', '004', 'Penduduk 4', 'Jln. D'),
(25, 'A005', '005', 'Penduduk 5', 'jln. 5'),
(26, 'A006', '006', 'Penduduk 6', 'jln. 6'),
(27, 'A007', '007', 'Penduduk 7', 'jln. 7'),
(28, 'A008', '008', 'Penduduk 8', 'jln. 8'),
(29, 'A009', '009', 'Penduduk 9', 'jln. 9'),
(30, 'A010', '3204023128412467', 'Aldo Wijaya', 'Pangauban'),
(31, 'A011', '3204024881237417', 'Dono', 'Padalarang'),
(32, 'A20', '3123128746418726', 'Sayang', 'Cinta'),
(33, 'A18', '320329192479', 'Jujun', 'Jajan'),
(34, 'A99', '3201284128177', 'Taufik', 'Cibaligo'),
(35, '12312', '123123', 'Aldebaran', '123123');

-- --------------------------------------------------------

--
-- Table structure for table `alternatif_kriteria`
--

CREATE TABLE `alternatif_kriteria` (
  `id` int(11) NOT NULL,
  `id_alternatif` int(11) NOT NULL,
  `id_kriteria` int(11) NOT NULL,
  `id_subkriteria` int(11) DEFAULT NULL
) ENGINE=InnoDB DEFAULT CHARSET=latin1 COLLATE=latin1_swedish_ci;

--
-- Dumping data for table `alternatif_kriteria`
--

INSERT INTO `alternatif_kriteria` (`id`, `id_alternatif`, `id_kriteria`, `id_subkriteria`) VALUES
(77, 21, 1, 24),
(78, 21, 2, 27),
(79, 21, 3, 29),
(80, 21, 4, 32),
(84, 22, 1, 22),
(85, 22, 2, 25),
(86, 22, 3, 28),
(87, 22, 4, 33),
(91, 23, 1, 23),
(92, 23, 2, 26),
(93, 23, 3, 28),
(94, 23, 4, 33),
(98, 24, 1, 22),
(99, 24, 2, 25),
(100, 24, 3, 29),
(101, 24, 4, 33),
(105, 25, 1, 23),
(106, 25, 2, 25),
(107, 25, 3, 28),
(108, 25, 4, 31),
(112, 26, 1, 23),
(113, 26, 2, 25),
(114, 26, 3, 29),
(115, 26, 4, 31),
(119, 27, 1, 22),
(120, 27, 2, 27),
(121, 27, 3, 29),
(122, 27, 4, 33),
(126, 28, 1, 23),
(127, 28, 2, 27),
(128, 28, 3, 30),
(129, 28, 4, 33),
(133, 29, 1, 23),
(134, 29, 2, 26),
(135, 29, 3, 30),
(136, 29, 4, 33),
(140, 30, 1, 24),
(141, 30, 2, 26),
(142, 30, 3, 29),
(143, 30, 4, 33),
(144, 31, 1, 24),
(145, 31, 2, 25),
(146, 31, 3, 28),
(147, 31, 4, 32),
(148, 32, 1, 24),
(149, 32, 2, 26),
(150, 32, 3, 29),
(151, 32, 4, 31),
(152, 33, 1, 22),
(153, 33, 2, 25),
(154, 33, 3, 28),
(155, 33, 4, 31),
(156, 34, 1, 24),
(157, 34, 2, 25),
(158, 34, 3, 29),
(159, 34, 4, 33),
(160, 35, 1, 24),
(161, 35, 2, 25),
(162, 35, 3, 29),
(163, 35, 4, 32);

-- --------------------------------------------------------

--
-- Table structure for table `ci_sessions`
--

CREATE TABLE `ci_sessions` (
  `id` varchar(128) NOT NULL,
  `ip_address` varchar(45) NOT NULL,
  `timestamp` int(10) UNSIGNED NOT NULL DEFAULT 0,
  `data` blob NOT NULL
) ENGINE=InnoDB DEFAULT CHARSET=utf8mb4 COLLATE=utf8mb4_general_ci;

--
-- Dumping data for table `ci_sessions`
--

INSERT INTO `ci_sessions` (`id`, `ip_address`, `timestamp`, `data`) VALUES
('027hnvsacuvrphnhefuldnl54mpcksfj', '::1', 1722103000, 0x5f5f63695f6c6173745f726567656e65726174657c693a313732323130333030303b61646d696e5f646174617c613a323a7b733a353a22656d61696c223b733a31353a2261646d696e40676d61696c2e636f6d223b733a373a22726f6c655f6964223b733a313a2232223b7d),
('06hs5eapq6s9uvvcpv0uvi4ggl4hu69a', '::1', 1722818149, 0x5f5f63695f6c6173745f726567656e65726174657c693a313732323831383134393b61646d696e5f646174617c613a323a7b733a353a22656d61696c223b733a31353a2261646d696e40676d61696c2e636f6d223b733a373a22726f6c655f6964223b733a313a2232223b7d),
('0cd3rtig3hei9dir46vkbfj06of96u84', '::1', 1722141581, 0x5f5f63695f6c6173745f726567656e65726174657c693a313732323134313538313b61646d696e5f646174617c613a323a7b733a353a22656d61696c223b733a31353a2261646d696e40676d61696c2e636f6d223b733a373a22726f6c655f6964223b733a313a2232223b7d6b616465735f646174617c613a323a7b733a353a22656d61696c223b733a31353a226b6164657340676d61696c2e636f6d223b733a373a22726f6c655f6964223b733a313a2233223b7d757365725f646174617c613a323a7b733a353a22656d61696c223b733a31393a22616c64696c6c61407961686f6f2e636f2e6964223b733a373a22726f6c655f6964223b733a313a2232223b7d),
('0da5o6g1v5vnik55nnovvl119gr7hisr', '::1', 1722141510, 0x5f5f63695f6c6173745f726567656e65726174657c693a313732323134313531303b61646d696e5f646174617c613a323a7b733a353a22656d61696c223b733a31353a2261646d696e40676d61696c2e636f6d223b733a373a22726f6c655f6964223b733a313a2232223b7d6b616465735f646174617c613a323a7b733a353a22656d61696c223b733a31353a226b6164657340676d61696c2e636f6d223b733a373a22726f6c655f6964223b733a313a2233223b7d757365725f646174617c613a323a7b733a353a22656d61696c223b733a31393a22616c64696c6c61407961686f6f2e636f2e6964223b733a373a22726f6c655f6964223b733a313a2232223b7d),
('0f79s5e43pejp8951mr1a3dasc5i26m4', '::1', 1721997230, 0x5f5f63695f6c6173745f726567656e65726174657c693a313732313939373233303b61646d696e5f646174617c613a323a7b733a353a22656d61696c223b733a31353a2261646d696e40676d61696c2e636f6d223b733a373a22726f6c655f6964223b733a313a2232223b7d),
('0hm2pr3llcbe084q6hjc2iq8fj8ikgpu', '::1', 1722411469, 0x5f5f63695f6c6173745f726567656e65726174657c693a313732323431313436393b6b616465735f646174617c613a323a7b733a353a22656d61696c223b733a31353a226b6164657340676d61696c2e636f6d223b733a373a22726f6c655f6964223b733a313a2233223b7d61646d696e5f646174617c613a323a7b733a353a22656d61696c223b733a31353a2261646d696e40676d61696c2e636f6d223b733a373a22726f6c655f6964223b733a313a2232223b7d757365725f646174617c613a323a7b733a353a22656d61696c223b733a31393a22616c64696c6c61407961686f6f2e636f2e6964223b733a373a22726f6c655f6964223b733a313a2232223b7d),
('0ncbbsj8c5t9b38dqqcuftjj1du7ja1j', '::1', 1722067442, 0x5f5f63695f6c6173745f726567656e65726174657c693a313732323036373434323b61646d696e5f646174617c613a323a7b733a353a22656d61696c223b733a31353a2261646d696e40676d61696c2e636f6d223b733a373a22726f6c655f6964223b733a313a2232223b7d6b616465735f646174617c613a323a7b733a353a22656d61696c223b733a31353a226b6164657340676d61696c2e636f6d223b733a373a22726f6c655f6964223b733a313a2233223b7d),
('0o5otk17c3rrur4ehj7m6mok633oh879', '::1', 1722001598, 0x5f5f63695f6c6173745f726567656e65726174657c693a313732323030313539383b61646d696e5f646174617c613a323a7b733a353a22656d61696c223b733a31353a2261646d696e40676d61696c2e636f6d223b733a373a22726f6c655f6964223b733a313a2232223b7d6b616465735f646174617c613a323a7b733a353a22656d61696c223b733a31353a226b6164657340676d61696c2e636f6d223b733a373a22726f6c655f6964223b733a313a2233223b7d757365725f646174617c613a323a7b733a353a22656d61696c223b733a31393a22616c64696c6c61407961686f6f2e636f2e6964223b733a373a22726f6c655f6964223b733a313a2232223b7d),
('0rdfq518ou5lsuhrodbhk4pqd4kg3qj3', '::1', 1722099915, 0x5f5f63695f6c6173745f726567656e65726174657c693a313732323039393931353b61646d696e5f646174617c613a323a7b733a353a22656d61696c223b733a31353a2261646d696e40676d61696c2e636f6d223b733a373a22726f6c655f6964223b733a313a2232223b7d),
('17mstotjgrk9vdtkrqa1s6g0iadd55mr', '::1', 1722142350, 0x5f5f63695f6c6173745f726567656e65726174657c693a313732323134323335303b61646d696e5f646174617c613a323a7b733a353a22656d61696c223b733a31353a2261646d696e40676d61696c2e636f6d223b733a373a22726f6c655f6964223b733a313a2232223b7d6b616465735f646174617c613a323a7b733a353a22656d61696c223b733a31353a226b6164657340676d61696c2e636f6d223b733a373a22726f6c655f6964223b733a313a2233223b7d757365725f646174617c613a323a7b733a353a22656d61696c223b733a32323a22616c646964616e64696c6c6140676d61696c2e636f6d223b733a373a22726f6c655f6964223b733a313a2232223b7d6d6573736167657c733a37343a223c64697620636c6173733d22616c65727420616c6572742d737563636573732220726f6c653d22616c657274223e416e6461205375646168204b656c75617220416b756e3c2f6469763e223b5f5f63695f766172737c613a313a7b733a373a226d657373616765223b733a333a226f6c64223b7d),
('1afc6ebtdk9gs821ek5176tef2vbktfl', '::1', 1722096552, 0x5f5f63695f6c6173745f726567656e65726174657c693a313732323039363535323b61646d696e5f646174617c613a323a7b733a353a22656d61696c223b733a31353a2261646d696e40676d61696c2e636f6d223b733a373a22726f6c655f6964223b733a313a2232223b7d),
('1b69dnntck58k9f1u6kqjk4ia352oj1j', '::1', 1722053777, 0x5f5f63695f6c6173745f726567656e65726174657c693a313732323035333737373b6b616465735f646174617c613a323a7b733a353a22656d61696c223b733a31353a226b6164657340676d61696c2e636f6d223b733a373a22726f6c655f6964223b733a313a2233223b7d),
('1bh0akfj38f78llnkpfps0kh22qaha9q', '::1', 1722065063, 0x5f5f63695f6c6173745f726567656e65726174657c693a313732323036353036333b6b616465735f646174617c613a323a7b733a353a22656d61696c223b733a31353a226b6164657340676d61696c2e636f6d223b733a373a22726f6c655f6964223b733a313a2233223b7d61646d696e5f646174617c613a323a7b733a353a22656d61696c223b733a31353a2261646d696e40676d61696c2e636f6d223b733a373a22726f6c655f6964223b733a313a2232223b7d757365725f646174617c613a323a7b733a353a22656d61696c223b733a31393a22616c64696c6c61407961686f6f2e636f2e6964223b733a373a22726f6c655f6964223b733a313a2232223b7d),
('1drugvjc39le1cmekm80j2bstc2am9l7', '::1', 1721996643, 0x5f5f63695f6c6173745f726567656e65726174657c693a313732313939363634333b),
('1n5ptvkfvrlinv2imke7oq1as087e5u8', '::1', 1722141446, 0x5f5f63695f6c6173745f726567656e65726174657c693a313732323134313434363b61646d696e5f646174617c613a323a7b733a353a22656d61696c223b733a31353a2261646d696e40676d61696c2e636f6d223b733a373a22726f6c655f6964223b733a313a2232223b7d6b616465735f646174617c613a323a7b733a353a22656d61696c223b733a31353a226b6164657340676d61696c2e636f6d223b733a373a22726f6c655f6964223b733a313a2233223b7d757365725f646174617c613a323a7b733a353a22656d61696c223b733a31393a22616c64696c6c61407961686f6f2e636f2e6964223b733a373a22726f6c655f6964223b733a313a2232223b7d),
('1t6gt7s9vg411ppmg1aaceilgf76soq4', '::1', 1722136992, 0x5f5f63695f6c6173745f726567656e65726174657c693a313732323133363939323b),
('1vkmdfuu46uds77p9rtae75ojp4afagd', '::1', 1722309438, 0x5f5f63695f6c6173745f726567656e65726174657c693a313732323330393433383b61646d696e5f646174617c613a323a7b733a353a22656d61696c223b733a31353a2261646d696e40676d61696c2e636f6d223b733a373a22726f6c655f6964223b733a313a2232223b7d757365725f646174617c613a323a7b733a353a22656d61696c223b733a31393a22616c64696c6c61407961686f6f2e636f2e6964223b733a373a22726f6c655f6964223b733a313a2232223b7d),
('2950s2jdna6ctknv2n6uq4us7nsfoadp', '::1', 1722065837, 0x5f5f63695f6c6173745f726567656e65726174657c693a313732323036353833373b6b616465735f646174617c613a323a7b733a353a22656d61696c223b733a31353a226b6164657340676d61696c2e636f6d223b733a373a22726f6c655f6964223b733a313a2233223b7d61646d696e5f646174617c613a323a7b733a353a22656d61696c223b733a31353a2261646d696e40676d61696c2e636f6d223b733a373a22726f6c655f6964223b733a313a2232223b7d757365725f646174617c613a323a7b733a353a22656d61696c223b733a31393a22616c64696c6c61407961686f6f2e636f2e6964223b733a373a22726f6c655f6964223b733a313a2232223b7d),
('2aqggdu3ob8id1bc5l6nlp2k7tdbs748', '::1', 1722068002, 0x5f5f63695f6c6173745f726567656e65726174657c693a313732323036383030323b61646d696e5f646174617c613a323a7b733a353a22656d61696c223b733a31353a2261646d696e40676d61696c2e636f6d223b733a373a22726f6c655f6964223b733a313a2232223b7d6b616465735f646174617c613a323a7b733a353a22656d61696c223b733a31353a226b6164657340676d61696c2e636f6d223b733a373a22726f6c655f6964223b733a313a2233223b7d757365725f646174617c613a323a7b733a353a22656d61696c223b733a31343a22656e757940676d61696c2e636f6d223b733a373a22726f6c655f6964223b733a313a2232223b7d),
('2ddt69b975sb5tlqgl4nmc6mpt2hhqea', '::1', 1722000554, 0x5f5f63695f6c6173745f726567656e65726174657c693a313732323030303535343b61646d696e5f646174617c613a323a7b733a353a22656d61696c223b733a31353a2261646d696e40676d61696c2e636f6d223b733a373a22726f6c655f6964223b733a313a2232223b7d6b616465735f646174617c613a323a7b733a353a22656d61696c223b733a31353a226b6164657340676d61696c2e636f6d223b733a373a22726f6c655f6964223b733a313a2233223b7d),
('2ebmovurrr88n970o0o4opnq7j5j292c', '::1', 1722679273, 0x5f5f63695f6c6173745f726567656e65726174657c693a313732323637393233303b61646d696e5f646174617c613a323a7b733a353a22656d61696c223b733a31353a2261646d696e40676d61696c2e636f6d223b733a373a22726f6c655f6964223b733a313a2232223b7d),
('2f234sh5cr8ibc2tga40fr8sfh9s6a2c', '::1', 1722096386, 0x5f5f63695f6c6173745f726567656e65726174657c693a313732323039363338363b61646d696e5f646174617c613a323a7b733a353a22656d61696c223b733a31353a2261646d696e40676d61696c2e636f6d223b733a373a22726f6c655f6964223b733a313a2232223b7d),
('2k788tofo3vmnhlk65230e5bn3lep0ms', '::1', 1722411932, 0x5f5f63695f6c6173745f726567656e65726174657c693a313732323431313933323b6b616465735f646174617c613a323a7b733a353a22656d61696c223b733a31353a226b6164657340676d61696c2e636f6d223b733a373a22726f6c655f6964223b733a313a2233223b7d61646d696e5f646174617c613a323a7b733a353a22656d61696c223b733a31353a2261646d696e40676d61696c2e636f6d223b733a373a22726f6c655f6964223b733a313a2232223b7d757365725f646174617c613a323a7b733a353a22656d61696c223b733a31363a2274617566696b40676d61696c2e636f6d223b733a373a22726f6c655f6964223b733a313a2232223b7d),
('2rla54bl0afn5pjduqoe28cko1cgk63g', '::1', 1722074062, 0x5f5f63695f6c6173745f726567656e65726174657c693a313732323037343036323b61646d696e5f646174617c613a323a7b733a353a22656d61696c223b733a31353a2261646d696e40676d61696c2e636f6d223b733a373a22726f6c655f6964223b733a313a2232223b7d6b616465735f646174617c613a323a7b733a353a22656d61696c223b733a31353a226b6164657340676d61696c2e636f6d223b733a373a22726f6c655f6964223b733a313a2233223b7d757365725f646174617c613a323a7b733a353a22656d61696c223b733a31343a22656e757940676d61696c2e636f6d223b733a373a22726f6c655f6964223b733a313a2232223b7d),
('30845m0hm7amo0u9tohqejj5frna3l2r', '::1', 1722141184, 0x5f5f63695f6c6173745f726567656e65726174657c693a313732323134313138343b61646d696e5f646174617c613a323a7b733a353a22656d61696c223b733a31353a2261646d696e40676d61696c2e636f6d223b733a373a22726f6c655f6964223b733a313a2232223b7d6b616465735f646174617c613a323a7b733a353a22656d61696c223b733a31353a226b6164657340676d61696c2e636f6d223b733a373a22726f6c655f6964223b733a313a2233223b7d757365725f646174617c613a323a7b733a353a22656d61696c223b733a31393a22616c64696c6c61407961686f6f2e636f2e6964223b733a373a22726f6c655f6964223b733a313a2232223b7d),
('35jt9c86hpmua3gdfid525a79ded25i1', '::1', 1722054078, 0x5f5f63695f6c6173745f726567656e65726174657c693a313732323035343037383b6b616465735f646174617c613a323a7b733a353a22656d61696c223b733a31353a226b6164657340676d61696c2e636f6d223b733a373a22726f6c655f6964223b733a313a2233223b7d61646d696e5f646174617c613a323a7b733a353a22656d61696c223b733a31353a2261646d696e40676d61696c2e636f6d223b733a373a22726f6c655f6964223b733a313a2232223b7d),
('36cfar4eh2hfuchidbio0o4uj39us09b', '::1', 1722182784, 0x5f5f63695f6c6173745f726567656e65726174657c693a313732323138323735373b757365725f646174617c613a323a7b733a353a22656d61696c223b733a31393a22616c64696c6c61407961686f6f2e636f2e6964223b733a373a22726f6c655f6964223b733a313a2232223b7d),
('37n7l7fk0bugedsqnjn7b2qqtk3tpj9p', '::1', 1722067377, 0x5f5f63695f6c6173745f726567656e65726174657c693a313732323036373337373b61646d696e5f646174617c613a323a7b733a353a22656d61696c223b733a31353a2261646d696e40676d61696c2e636f6d223b733a373a22726f6c655f6964223b733a313a2232223b7d6b616465735f646174617c613a323a7b733a353a22656d61696c223b733a31353a226b6164657340676d61696c2e636f6d223b733a373a22726f6c655f6964223b733a313a2233223b7d6d6573736167657c733a37343a223c64697620636c6173733d22616c65727420616c6572742d737563636573732220726f6c653d22616c657274223e416e6461205375646168204b656c75617220416b756e3c2f6469763e223b5f5f63695f766172737c613a313a7b733a373a226d657373616765223b733a333a226f6c64223b7d),
('3e1hrgd1veeof46hlgqr91qq6omibpfd', '::1', 1722074383, 0x5f5f63695f6c6173745f726567656e65726174657c693a313732323037343338333b61646d696e5f646174617c613a323a7b733a353a22656d61696c223b733a31353a2261646d696e40676d61696c2e636f6d223b733a373a22726f6c655f6964223b733a313a2232223b7d6b616465735f646174617c613a323a7b733a353a22656d61696c223b733a31353a226b6164657340676d61696c2e636f6d223b733a373a22726f6c655f6964223b733a313a2233223b7d757365725f646174617c613a323a7b733a353a22656d61696c223b733a31343a22656e757940676d61696c2e636f6d223b733a373a22726f6c655f6964223b733a313a2232223b7d),
('3e4sktomdhh0g78624egkq2u6fi7prh0', '::1', 1722071909, 0x5f5f63695f6c6173745f726567656e65726174657c693a313732323037313930393b61646d696e5f646174617c613a323a7b733a353a22656d61696c223b733a31353a2261646d696e40676d61696c2e636f6d223b733a373a22726f6c655f6964223b733a313a2232223b7d6b616465735f646174617c613a323a7b733a353a22656d61696c223b733a31353a226b6164657340676d61696c2e636f6d223b733a373a22726f6c655f6964223b733a313a2233223b7d757365725f646174617c613a323a7b733a353a22656d61696c223b733a31343a22656e757940676d61696c2e636f6d223b733a373a22726f6c655f6964223b733a313a2232223b7d),
('3k08kdblsj67tpd5hg29oaef0i7vkvis', '::1', 1722142212, 0x5f5f63695f6c6173745f726567656e65726174657c693a313732323134323231323b61646d696e5f646174617c613a323a7b733a353a22656d61696c223b733a31353a2261646d696e40676d61696c2e636f6d223b733a373a22726f6c655f6964223b733a313a2232223b7d6b616465735f646174617c613a323a7b733a353a22656d61696c223b733a31353a226b6164657340676d61696c2e636f6d223b733a373a22726f6c655f6964223b733a313a2233223b7d757365725f646174617c613a323a7b733a353a22656d61696c223b733a32323a22616c646964616e64696c6c6140676d61696c2e636f6d223b733a373a22726f6c655f6964223b733a313a2232223b7d),
('3snt5qik8s67ief99hi9otfdue7lqtri', '::1', 1722097859, 0x5f5f63695f6c6173745f726567656e65726174657c693a313732323039373835393b61646d696e5f646174617c613a323a7b733a353a22656d61696c223b733a31353a2261646d696e40676d61696c2e636f6d223b733a373a22726f6c655f6964223b733a313a2232223b7d),
('416eievd4k6spmf18arjc3rbqbaqr1d1', '::1', 1722062214, 0x5f5f63695f6c6173745f726567656e65726174657c693a313732323036323231343b6b616465735f646174617c613a323a7b733a353a22656d61696c223b733a31353a226b6164657340676d61696c2e636f6d223b733a373a22726f6c655f6964223b733a313a2233223b7d61646d696e5f646174617c613a323a7b733a353a22656d61696c223b733a31353a2261646d696e40676d61696c2e636f6d223b733a373a22726f6c655f6964223b733a313a2232223b7d757365725f646174617c613a323a7b733a353a22656d61696c223b733a31393a22616c64696c6c61407961686f6f2e636f2e6964223b733a373a22726f6c655f6964223b733a313a2232223b7d),
('43e16obsqep4o5786r3ghrue00fb8g13', '::1', 1722103483, 0x5f5f63695f6c6173745f726567656e65726174657c693a313732323130333438333b61646d696e5f646174617c613a323a7b733a353a22656d61696c223b733a31353a2261646d696e40676d61696c2e636f6d223b733a373a22726f6c655f6964223b733a313a2232223b7d),
('481p8t01qb8fnuaif3886v3inkbunle2', '::1', 1722142658, 0x5f5f63695f6c6173745f726567656e65726174657c693a313732323134323635383b61646d696e5f646174617c613a323a7b733a353a22656d61696c223b733a31353a2261646d696e40676d61696c2e636f6d223b733a373a22726f6c655f6964223b733a313a2232223b7d6b616465735f646174617c613a323a7b733a353a22656d61696c223b733a31353a226b6164657340676d61696c2e636f6d223b733a373a22726f6c655f6964223b733a313a2233223b7d757365725f646174617c613a323a7b733a353a22656d61696c223b733a32323a22616c646964616e64696c6c6140676d61696c2e636f6d223b733a373a22726f6c655f6964223b733a313a2232223b7d),
('4f0j7qkgmrquvq473ag52059eq6g8hs3', '::1', 1722070930, 0x5f5f63695f6c6173745f726567656e65726174657c693a313732323037303933303b61646d696e5f646174617c613a323a7b733a353a22656d61696c223b733a31353a2261646d696e40676d61696c2e636f6d223b733a373a22726f6c655f6964223b733a313a2232223b7d6b616465735f646174617c613a323a7b733a353a22656d61696c223b733a31353a226b6164657340676d61696c2e636f6d223b733a373a22726f6c655f6964223b733a313a2233223b7d757365725f646174617c613a323a7b733a353a22656d61696c223b733a31343a22656e757940676d61696c2e636f6d223b733a373a22726f6c655f6964223b733a313a2232223b7d),
('4fqgqftov243h6kkg823cs2a4khgsi6a', '::1', 1722066108, 0x5f5f63695f6c6173745f726567656e65726174657c693a313732323036363130383b6b616465735f646174617c613a323a7b733a353a22656d61696c223b733a31353a226b6164657340676d61696c2e636f6d223b733a373a22726f6c655f6964223b733a313a2233223b7d61646d696e5f646174617c613a323a7b733a353a22656d61696c223b733a31353a2261646d696e40676d61696c2e636f6d223b733a373a22726f6c655f6964223b733a313a2232223b7d757365725f646174617c613a323a7b733a353a22656d61696c223b733a31393a22616c64696c6c61407961686f6f2e636f2e6964223b733a373a22726f6c655f6964223b733a313a2232223b7d),
('4k12agp1r89lvkmkutmv2ccvc0ulp7tp', '::1', 1722142411, 0x5f5f63695f6c6173745f726567656e65726174657c693a313732323134323431313b61646d696e5f646174617c613a323a7b733a353a22656d61696c223b733a31353a2261646d696e40676d61696c2e636f6d223b733a373a22726f6c655f6964223b733a313a2232223b7d6b616465735f646174617c613a323a7b733a353a22656d61696c223b733a31353a226b6164657340676d61696c2e636f6d223b733a373a22726f6c655f6964223b733a313a2233223b7d757365725f646174617c613a323a7b733a353a22656d61696c223b733a32323a22616c646964616e64696c6c6140676d61696c2e636f6d223b733a373a22726f6c655f6964223b733a313a2232223b7d),
('4sl6u0munbnvra3gnj85dvtjv4djnh47', '::1', 1722071810, 0x5f5f63695f6c6173745f726567656e65726174657c693a313732323037313831303b61646d696e5f646174617c613a323a7b733a353a22656d61696c223b733a31353a2261646d696e40676d61696c2e636f6d223b733a373a22726f6c655f6964223b733a313a2232223b7d6b616465735f646174617c613a323a7b733a353a22656d61696c223b733a31353a226b6164657340676d61696c2e636f6d223b733a373a22726f6c655f6964223b733a313a2233223b7d757365725f646174617c613a323a7b733a353a22656d61696c223b733a31343a22656e757940676d61696c2e636f6d223b733a373a22726f6c655f6964223b733a313a2232223b7d),
('533b043u701633pmakm6rlqgdd77h37q', '::1', 1722141768, 0x5f5f63695f6c6173745f726567656e65726174657c693a313732323134313736383b61646d696e5f646174617c613a323a7b733a353a22656d61696c223b733a31353a2261646d696e40676d61696c2e636f6d223b733a373a22726f6c655f6964223b733a313a2232223b7d6b616465735f646174617c613a323a7b733a353a22656d61696c223b733a31353a226b6164657340676d61696c2e636f6d223b733a373a22726f6c655f6964223b733a313a2233223b7d757365725f646174617c613a323a7b733a353a22656d61696c223b733a31393a22616c64696c6c61407961686f6f2e636f2e6964223b733a373a22726f6c655f6964223b733a313a2232223b7d6d6573736167657c733a37343a223c64697620636c6173733d22616c65727420616c6572742d737563636573732220726f6c653d22616c657274223e416e6461205375646168204b656c75617220416b756e3c2f6469763e223b5f5f63695f766172737c613a313a7b733a373a226d657373616765223b733a333a226f6c64223b7d),
('59bbf35nqv8vuu6585e2if5blnbto8hc', '::1', 1722101937, 0x5f5f63695f6c6173745f726567656e65726174657c693a313732323130313933373b61646d696e5f646174617c613a323a7b733a353a22656d61696c223b733a31353a2261646d696e40676d61696c2e636f6d223b733a373a22726f6c655f6964223b733a313a2232223b7d6d6573736167657c733a37373a223c64697620636c6173733d22616c65727420616c6572742d737563636573732220726f6c653d22616c657274223e4461746120426572686173696c20446974616d6261686b616e3c2f6469763e223b5f5f63695f766172737c613a313a7b733a373a226d657373616765223b733a333a226e6577223b7d),
('5cetc1b8snh72nsvdpp0p293fkh11sj2', '::1', 1722074206, 0x5f5f63695f6c6173745f726567656e65726174657c693a313732323037343230363b61646d696e5f646174617c613a323a7b733a353a22656d61696c223b733a31353a2261646d696e40676d61696c2e636f6d223b733a373a22726f6c655f6964223b733a313a2232223b7d6b616465735f646174617c613a323a7b733a353a22656d61696c223b733a31353a226b6164657340676d61696c2e636f6d223b733a373a22726f6c655f6964223b733a313a2233223b7d757365725f646174617c613a323a7b733a353a22656d61696c223b733a31343a22656e757940676d61696c2e636f6d223b733a373a22726f6c655f6964223b733a313a2232223b7d),
('5emd2ahg32nem4q57k9lijebh4t9ke09', '::1', 1722135503, 0x5f5f63695f6c6173745f726567656e65726174657c693a313732323133353530333b),
('5fj695icl4k00mf4thr8a6b4p5distfn', '::1', 1722000616, 0x5f5f63695f6c6173745f726567656e65726174657c693a313732323030303631363b61646d696e5f646174617c613a323a7b733a353a22656d61696c223b733a31353a2261646d696e40676d61696c2e636f6d223b733a373a22726f6c655f6964223b733a313a2232223b7d6b616465735f646174617c613a323a7b733a353a22656d61696c223b733a31353a226b6164657340676d61696c2e636f6d223b733a373a22726f6c655f6964223b733a313a2233223b7d),
('5g07fgmip2hvl7m0bkf5p44t83eon4a8', '::1', 1722066784, 0x5f5f63695f6c6173745f726567656e65726174657c693a313732323036363738343b),
('5kne4ui9oe7so4pgniubjgvc0s4peq9v', '::1', 1722664468, 0x5f5f63695f6c6173745f726567656e65726174657c693a313732323636343436383b61646d696e5f646174617c613a323a7b733a353a22656d61696c223b733a31353a2261646d696e40676d61696c2e636f6d223b733a373a22726f6c655f6964223b733a313a2232223b7d),
('5sh4q5qa40qemukj2k4pn84albb95ocl', '::1', 1722679230, 0x5f5f63695f6c6173745f726567656e65726174657c693a313732323637393233303b),
('5tek3lj9o76bbb104p2j6om9indidrvj', '::1', 1722308685, 0x5f5f63695f6c6173745f726567656e65726174657c693a313732323330383638353b),
('5uflh7jv1t7k34ae3bmold9vklud6cvd', '::1', 1722140809, 0x5f5f63695f6c6173745f726567656e65726174657c693a313732323134303830393b61646d696e5f646174617c613a323a7b733a353a22656d61696c223b733a31353a2261646d696e40676d61696c2e636f6d223b733a373a22726f6c655f6964223b733a313a2232223b7d6b616465735f646174617c613a323a7b733a353a22656d61696c223b733a31353a226b6164657340676d61696c2e636f6d223b733a373a22726f6c655f6964223b733a313a2233223b7d757365725f646174617c613a323a7b733a353a22656d61696c223b733a31393a22616c64696c6c61407961686f6f2e636f2e6964223b733a373a22726f6c655f6964223b733a313a2232223b7d),
('5umjuarl45gkv5nbta337an94p5dkuvj', '::1', 1722677570, 0x5f5f63695f6c6173745f726567656e65726174657c693a313732323637373537303b),
('5vbit97o21elpb81r7aj3bhg1qlr36nd', '::1', 1722140370, 0x5f5f63695f6c6173745f726567656e65726174657c693a313732323134303337303b61646d696e5f646174617c613a323a7b733a353a22656d61696c223b733a31353a2261646d696e40676d61696c2e636f6d223b733a373a22726f6c655f6964223b733a313a2232223b7d6b616465735f646174617c613a323a7b733a353a22656d61696c223b733a31353a226b6164657340676d61696c2e636f6d223b733a373a22726f6c655f6964223b733a313a2233223b7d757365725f646174617c613a323a7b733a353a22656d61696c223b733a31393a22616c64696c6c61407961686f6f2e636f2e6964223b733a373a22726f6c655f6964223b733a313a2232223b7d),
('5vc6a4r8q7461lhlap0rng44ip166ao2', '::1', 1722070338, 0x5f5f63695f6c6173745f726567656e65726174657c693a313732323037303333383b61646d696e5f646174617c613a323a7b733a353a22656d61696c223b733a31353a2261646d696e40676d61696c2e636f6d223b733a373a22726f6c655f6964223b733a313a2232223b7d6b616465735f646174617c613a323a7b733a353a22656d61696c223b733a31353a226b6164657340676d61696c2e636f6d223b733a373a22726f6c655f6964223b733a313a2233223b7d757365725f646174617c613a323a7b733a353a22656d61696c223b733a31343a22656e757940676d61696c2e636f6d223b733a373a22726f6c655f6964223b733a313a2232223b7d),
('69k0t4ve0n01r9vqre46irp1r7dbo049', '::1', 1722105080, 0x5f5f63695f6c6173745f726567656e65726174657c693a313732323130353038303b61646d696e5f646174617c613a323a7b733a353a22656d61696c223b733a31353a2261646d696e40676d61696c2e636f6d223b733a373a22726f6c655f6964223b733a313a2232223b7d),
('6fl71ul7scn67h730dj207vf8jtlshkm', '::1', 1722001184, 0x5f5f63695f6c6173745f726567656e65726174657c693a313732323030313138343b61646d696e5f646174617c613a323a7b733a353a22656d61696c223b733a31353a2261646d696e40676d61696c2e636f6d223b733a373a22726f6c655f6964223b733a313a2232223b7d6b616465735f646174617c613a323a7b733a353a22656d61696c223b733a31353a226b6164657340676d61696c2e636f6d223b733a373a22726f6c655f6964223b733a313a2233223b7d),
('6gjj7uoiuv7q4tvc5fq4pes7pdrcfkba', '::1', 1722104850, 0x5f5f63695f6c6173745f726567656e65726174657c693a313732323130343835303b61646d696e5f646174617c613a323a7b733a353a22656d61696c223b733a31353a2261646d696e40676d61696c2e636f6d223b733a373a22726f6c655f6964223b733a313a2232223b7d6d6573736167657c733a32373a2244617461207573657220626572686173696c20646968617075732e223b5f5f63695f766172737c613a313a7b733a373a226d657373616765223b733a333a226f6c64223b7d),
('6k72h01dvaf64ns3pro7l0njdndnjdoq', '::1', 1722411618, 0x5f5f63695f6c6173745f726567656e65726174657c693a313732323431313631383b6b616465735f646174617c613a323a7b733a353a22656d61696c223b733a31353a226b6164657340676d61696c2e636f6d223b733a373a22726f6c655f6964223b733a313a2233223b7d61646d696e5f646174617c613a323a7b733a353a22656d61696c223b733a31353a2261646d696e40676d61696c2e636f6d223b733a373a22726f6c655f6964223b733a313a2232223b7d757365725f646174617c613a323a7b733a353a22656d61696c223b733a31363a2274617566696b40676d61696c2e636f6d223b733a373a22726f6c655f6964223b733a313a2232223b7d),
('6lr5fe985dv92g04i8jqe7bl5jsck8ui', '::1', 1722140309, 0x5f5f63695f6c6173745f726567656e65726174657c693a313732323134303330393b61646d696e5f646174617c613a323a7b733a353a22656d61696c223b733a31353a2261646d696e40676d61696c2e636f6d223b733a373a22726f6c655f6964223b733a313a2232223b7d6b616465735f646174617c613a323a7b733a353a22656d61696c223b733a31353a226b6164657340676d61696c2e636f6d223b733a373a22726f6c655f6964223b733a313a2233223b7d),
('6qd3314epqft0l05q4ihc4e5398gt0cm', '::1', 1722000808, 0x5f5f63695f6c6173745f726567656e65726174657c693a313732323030303830383b61646d696e5f646174617c613a323a7b733a353a22656d61696c223b733a31353a2261646d696e40676d61696c2e636f6d223b733a373a22726f6c655f6964223b733a313a2232223b7d6b616465735f646174617c613a323a7b733a353a22656d61696c223b733a31353a226b6164657340676d61696c2e636f6d223b733a373a22726f6c655f6964223b733a313a2233223b7d),
('6st02ake85l4gpgh62971cv9bo54upgt', '::1', 1722067792, 0x5f5f63695f6c6173745f726567656e65726174657c693a313732323036373739323b61646d696e5f646174617c613a323a7b733a353a22656d61696c223b733a31353a2261646d696e40676d61696c2e636f6d223b733a373a22726f6c655f6964223b733a313a2232223b7d6b616465735f646174617c613a323a7b733a353a22656d61696c223b733a31353a226b6164657340676d61696c2e636f6d223b733a373a22726f6c655f6964223b733a313a2233223b7d757365725f646174617c613a323a7b733a353a22656d61696c223b733a31343a22656e757940676d61696c2e636f6d223b733a373a22726f6c655f6964223b733a313a2232223b7d),
('7apr646tdclt22dhuuellgoimrlathpo', '::1', 1722308857, 0x5f5f63695f6c6173745f726567656e65726174657c693a313732323330383835373b61646d696e5f646174617c613a323a7b733a353a22656d61696c223b733a31353a2261646d696e40676d61696c2e636f6d223b733a373a22726f6c655f6964223b733a313a2232223b7d),
('7b8n5tajpgikdajdcnl6qip1nuvi7ocd', '::1', 1722137621, 0x5f5f63695f6c6173745f726567656e65726174657c693a313732323133373632313b),
('7b9rtiq3vr4h5481tfham01valndnod3', '::1', 1722065726, 0x5f5f63695f6c6173745f726567656e65726174657c693a313732323036353732363b6b616465735f646174617c613a323a7b733a353a22656d61696c223b733a31353a226b6164657340676d61696c2e636f6d223b733a373a22726f6c655f6964223b733a313a2233223b7d61646d696e5f646174617c613a323a7b733a353a22656d61696c223b733a31353a2261646d696e40676d61696c2e636f6d223b733a373a22726f6c655f6964223b733a313a2232223b7d757365725f646174617c613a323a7b733a353a22656d61696c223b733a31393a22616c64696c6c61407961686f6f2e636f2e6964223b733a373a22726f6c655f6964223b733a313a2232223b7d),
('7ccauldfi8i2n0m9hnjkoqukqukl34fn', '::1', 1722000074, 0x5f5f63695f6c6173745f726567656e65726174657c693a313732323030303037343b61646d696e5f646174617c613a323a7b733a353a22656d61696c223b733a31353a2261646d696e40676d61696c2e636f6d223b733a373a22726f6c655f6964223b733a313a2232223b7d6b616465735f646174617c613a323a7b733a353a22656d61696c223b733a31353a226b6164657340676d61696c2e636f6d223b733a373a22726f6c655f6964223b733a313a2233223b7d),
('7eg38g58v3pk8gl1j1kiuakrs67i1ru0', '::1', 1722140182, 0x5f5f63695f6c6173745f726567656e65726174657c693a313732323134303138323b61646d696e5f646174617c613a323a7b733a353a22656d61696c223b733a31353a2261646d696e40676d61696c2e636f6d223b733a373a22726f6c655f6964223b733a313a2232223b7d),
('7g946joqmlkjpi2l2ss781fm3rmo5k4p', '::1', 1722139986, 0x5f5f63695f6c6173745f726567656e65726174657c693a313732323133393938363b61646d696e5f646174617c613a323a7b733a353a22656d61696c223b733a31353a2261646d696e40676d61696c2e636f6d223b733a373a22726f6c655f6964223b733a313a2232223b7d),
('7tvmn55gdi5nh9vq4gf0et71srnviha3', '::1', 1722410072, 0x5f5f63695f6c6173745f726567656e65726174657c693a313732323431303037323b6b616465735f646174617c613a323a7b733a353a22656d61696c223b733a31353a226b6164657340676d61696c2e636f6d223b733a373a22726f6c655f6964223b733a313a2233223b7d),
('7vcngln3cvtb8m79gdgup1j7hoegh29a', '::1', 1722068357, 0x5f5f63695f6c6173745f726567656e65726174657c693a313732323036383335373b61646d696e5f646174617c613a323a7b733a353a22656d61696c223b733a31353a2261646d696e40676d61696c2e636f6d223b733a373a22726f6c655f6964223b733a313a2232223b7d6b616465735f646174617c613a323a7b733a353a22656d61696c223b733a31353a226b6164657340676d61696c2e636f6d223b733a373a22726f6c655f6964223b733a313a2233223b7d757365725f646174617c613a323a7b733a353a22656d61696c223b733a31343a22656e757940676d61696c2e636f6d223b733a373a22726f6c655f6964223b733a313a2232223b7d),
('80b2i97kp63i3c69avagd6l9096vaj1m', '::1', 1722234034, 0x5f5f63695f6c6173745f726567656e65726174657c693a313732323233343033343b6b616465735f646174617c613a323a7b733a353a22656d61696c223b733a31353a226b6164657340676d61696c2e636f6d223b733a373a22726f6c655f6964223b733a313a2233223b7d),
('81d411ljnn181f6a802a6nd62qurip3e', '::1', 1722065257, 0x5f5f63695f6c6173745f726567656e65726174657c693a313732323036353235373b6b616465735f646174617c613a323a7b733a353a22656d61696c223b733a31353a226b6164657340676d61696c2e636f6d223b733a373a22726f6c655f6964223b733a313a2233223b7d61646d696e5f646174617c613a323a7b733a353a22656d61696c223b733a31353a2261646d696e40676d61696c2e636f6d223b733a373a22726f6c655f6964223b733a313a2232223b7d757365725f646174617c613a323a7b733a353a22656d61696c223b733a31393a22616c64696c6c61407961686f6f2e636f2e6964223b733a373a22726f6c655f6964223b733a313a2232223b7d),
('85hbs49mt2jeoi6ckfilb7len5145p9v', '::1', 1722411126, 0x5f5f63695f6c6173745f726567656e65726174657c693a313732323431313132363b6b616465735f646174617c613a323a7b733a353a22656d61696c223b733a31353a226b6164657340676d61696c2e636f6d223b733a373a22726f6c655f6964223b733a313a2233223b7d61646d696e5f646174617c613a323a7b733a353a22656d61696c223b733a31353a2261646d696e40676d61696c2e636f6d223b733a373a22726f6c655f6964223b733a313a2232223b7d),
('87h2emuvmjngu2paar3s3r33s3u379g9', '::1', 1722099600, 0x5f5f63695f6c6173745f726567656e65726174657c693a313732323039393630303b61646d696e5f646174617c613a323a7b733a353a22656d61696c223b733a31353a2261646d696e40676d61696c2e636f6d223b733a373a22726f6c655f6964223b733a313a2232223b7d),
('89o5ujh1rue5ag69ncae54d87oc5773j', '::1', 1722096460, 0x5f5f63695f6c6173745f726567656e65726174657c693a313732323039363436303b61646d696e5f646174617c613a323a7b733a353a22656d61696c223b733a31353a2261646d696e40676d61696c2e636f6d223b733a373a22726f6c655f6964223b733a313a2232223b7d),
('8f41rqhd7i1g7u1hoe6b9v5dskmme6dr', '::1', 1722309822, 0x5f5f63695f6c6173745f726567656e65726174657c693a313732323330393832323b61646d696e5f646174617c613a323a7b733a353a22656d61696c223b733a31353a2261646d696e40676d61696c2e636f6d223b733a373a22726f6c655f6964223b733a313a2232223b7d757365725f646174617c613a323a7b733a353a22656d61696c223b733a31393a22616c64696c6c61407961686f6f2e636f2e6964223b733a373a22726f6c655f6964223b733a313a2232223b7d),
('8f7uoclqs9au29tig25jv2vplb8ajgjb', '::1', 1722140433, 0x5f5f63695f6c6173745f726567656e65726174657c693a313732323134303433333b61646d696e5f646174617c613a323a7b733a353a22656d61696c223b733a31353a2261646d696e40676d61696c2e636f6d223b733a373a22726f6c655f6964223b733a313a2232223b7d6b616465735f646174617c613a323a7b733a353a22656d61696c223b733a31353a226b6164657340676d61696c2e636f6d223b733a373a22726f6c655f6964223b733a313a2233223b7d757365725f646174617c613a323a7b733a353a22656d61696c223b733a31393a22616c64696c6c61407961686f6f2e636f2e6964223b733a373a22726f6c655f6964223b733a313a2232223b7d),
('8gt0u2fjjqg6maoa2rc03igikprjh73t', '::1', 1722135094, 0x5f5f63695f6c6173745f726567656e65726174657c693a313732323133353039343b),
('8i289cio6j2jb00fp554mm5abv8dml9v', '::1', 1722134844, 0x5f5f63695f6c6173745f726567656e65726174657c693a313732323133343834343b),
('8ltihcafdunkp46lkpu09k7ctmffclk8', '::1', 1722101721, 0x5f5f63695f6c6173745f726567656e65726174657c693a313732323130313732313b61646d696e5f646174617c613a323a7b733a353a22656d61696c223b733a31353a2261646d696e40676d61696c2e636f6d223b733a373a22726f6c655f6964223b733a313a2232223b7d),
('8nvb03sqd6sti3lcrvkj90kmagq912uk', '::1', 1722233815, 0x5f5f63695f6c6173745f726567656e65726174657c693a313732323233333831353b6b616465735f646174617c613a323a7b733a353a22656d61696c223b733a31353a226b6164657340676d61696c2e636f6d223b733a373a22726f6c655f6964223b733a313a2233223b7d),
('8s6ni7j00t8h8b1vsv71vskr86me08sh', '::1', 1722100160, 0x5f5f63695f6c6173745f726567656e65726174657c693a313732323130303136303b61646d696e5f646174617c613a323a7b733a353a22656d61696c223b733a31353a2261646d696e40676d61696c2e636f6d223b733a373a22726f6c655f6964223b733a313a2232223b7d),
('8vir04e4bs3vt13hqb6adch5rbhcjf2e', '::1', 1722148383, 0x5f5f63695f6c6173745f726567656e65726174657c693a313732323134383338333b61646d696e5f646174617c613a323a7b733a353a22656d61696c223b733a31353a2261646d696e40676d61696c2e636f6d223b733a373a22726f6c655f6964223b733a313a2232223b7d6b616465735f646174617c613a323a7b733a353a22656d61696c223b733a31353a226b6164657340676d61696c2e636f6d223b733a373a22726f6c655f6964223b733a313a2233223b7d757365725f646174617c613a323a7b733a353a22656d61696c223b733a32323a22616c646964616e64696c6c6140676d61696c2e636f6d223b733a373a22726f6c655f6964223b733a313a2232223b7d),
('92rj6uds6d5r4igp91p8l6h2i3okl3ph', '::1', 1722104951, 0x5f5f63695f6c6173745f726567656e65726174657c693a313732323130343935313b61646d696e5f646174617c613a323a7b733a353a22656d61696c223b733a31353a2261646d696e40676d61696c2e636f6d223b733a373a22726f6c655f6964223b733a313a2232223b7d),
('939u6dprn8jiqgq9a983bplg3tc9st3o', '::1', 1722066865, 0x5f5f63695f6c6173745f726567656e65726174657c693a313732323036363836353b61646d696e5f646174617c613a323a7b733a353a22656d61696c223b733a31353a2261646d696e40676d61696c2e636f6d223b733a373a22726f6c655f6964223b733a313a2232223b7d),
('9839l4q9p8gfjg4m7i46emdra2iav11m', '::1', 1721998146, 0x5f5f63695f6c6173745f726567656e65726174657c693a313732313939383134363b61646d696e5f646174617c613a323a7b733a353a22656d61696c223b733a31353a2261646d696e40676d61696c2e636f6d223b733a373a22726f6c655f6964223b733a313a2232223b7d),
('9g2o3t30mblj08jl11iqo12pbrtvtk39', '::1', 1722068777, 0x5f5f63695f6c6173745f726567656e65726174657c693a313732323036383737373b61646d696e5f646174617c613a323a7b733a353a22656d61696c223b733a31353a2261646d696e40676d61696c2e636f6d223b733a373a22726f6c655f6964223b733a313a2232223b7d6b616465735f646174617c613a323a7b733a353a22656d61696c223b733a31353a226b6164657340676d61696c2e636f6d223b733a373a22726f6c655f6964223b733a313a2233223b7d757365725f646174617c613a323a7b733a353a22656d61696c223b733a31343a22656e757940676d61696c2e636f6d223b733a373a22726f6c655f6964223b733a313a2232223b7d),
('9jbr7off7ts8pjkm3nnhf8bpu95vp36n', '::1', 1722102524, 0x5f5f63695f6c6173745f726567656e65726174657c693a313732323130323532343b61646d696e5f646174617c613a323a7b733a353a22656d61696c223b733a31353a2261646d696e40676d61696c2e636f6d223b733a373a22726f6c655f6964223b733a313a2232223b7d),
('9jmnfn2vgr57lmvtm2t8req6lvdmgmo5', '::1', 1722678460, 0x5f5f63695f6c6173745f726567656e65726174657c693a313732323637383436303b),
('9m6trftf4nrvtiuo5np49k4002vaspi5', '::1', 1722231115, 0x5f5f63695f6c6173745f726567656e65726174657c693a313732323233313131353b),
('9p1vk973sb3aq7eku6rrpvj57eot7sb8', '::1', 1722234992, 0x5f5f63695f6c6173745f726567656e65726174657c693a313732323233343939323b6b616465735f646174617c613a323a7b733a353a22656d61696c223b733a31353a226b6164657340676d61696c2e636f6d223b733a373a22726f6c655f6964223b733a313a2233223b7d61646d696e5f646174617c613a323a7b733a353a22656d61696c223b733a31353a2261646d696e40676d61696c2e636f6d223b733a373a22726f6c655f6964223b733a313a2232223b7d),
('a0178r1nni0o3ghaat1ign2pl0cqqn2h', '::1', 1722100234, 0x5f5f63695f6c6173745f726567656e65726174657c693a313732323130303233343b61646d696e5f646174617c613a323a7b733a353a22656d61696c223b733a31353a2261646d696e40676d61696c2e636f6d223b733a373a22726f6c655f6964223b733a313a2232223b7d),
('a1c1fv1dclppgqda60q5v08faogp57g5', '::1', 1722066005, 0x5f5f63695f6c6173745f726567656e65726174657c693a313732323036363030353b6b616465735f646174617c613a323a7b733a353a22656d61696c223b733a31353a226b6164657340676d61696c2e636f6d223b733a373a22726f6c655f6964223b733a313a2233223b7d61646d696e5f646174617c613a323a7b733a353a22656d61696c223b733a31353a2261646d696e40676d61696c2e636f6d223b733a373a22726f6c655f6964223b733a313a2232223b7d757365725f646174617c613a323a7b733a353a22656d61696c223b733a31393a22616c64696c6c61407961686f6f2e636f2e6964223b733a373a22726f6c655f6964223b733a313a2232223b7d),
('a2g1bdb2fjtcevrsu07d963k7torptvs', '::1', 1722144584, 0x5f5f63695f6c6173745f726567656e65726174657c693a313732323134343538343b61646d696e5f646174617c613a323a7b733a353a22656d61696c223b733a31353a2261646d696e40676d61696c2e636f6d223b733a373a22726f6c655f6964223b733a313a2232223b7d6b616465735f646174617c613a323a7b733a353a22656d61696c223b733a31353a226b6164657340676d61696c2e636f6d223b733a373a22726f6c655f6964223b733a313a2233223b7d757365725f646174617c613a323a7b733a353a22656d61696c223b733a32323a22616c646964616e64696c6c6140676d61696c2e636f6d223b733a373a22726f6c655f6964223b733a313a2232223b7d6d6573736167657c733a37343a223c64697620636c6173733d22616c65727420616c6572742d737563636573732220726f6c653d22616c657274223e416e6461205375646168204b656c75617220416b756e3c2f6469763e223b5f5f63695f766172737c613a313a7b733a373a226d657373616765223b733a333a226f6c64223b7d),
('a4l3uq1tin483cjh3splf7hm09u8mk2s', '::1', 1722410282, 0x5f5f63695f6c6173745f726567656e65726174657c693a313732323431303238323b6b616465735f646174617c613a323a7b733a353a22656d61696c223b733a31353a226b6164657340676d61696c2e636f6d223b733a373a22726f6c655f6964223b733a313a2233223b7d),
('a5n4om36vq5ah9d802n84dkni6cuq30p', '::1', 1722137269, 0x5f5f63695f6c6173745f726567656e65726174657c693a313732323133373236393b),
('aahmh15t9g25qdco9d9l2iljenv7cs7j', '::1', 1722137058, 0x5f5f63695f6c6173745f726567656e65726174657c693a313732323133373035383b),
('akgph97qnhc85c5qvt0qbaeq2n0hqpo8', '::1', 1722234439, 0x5f5f63695f6c6173745f726567656e65726174657c693a313732323233343433393b6b616465735f646174617c613a323a7b733a353a22656d61696c223b733a31353a226b6164657340676d61696c2e636f6d223b733a373a22726f6c655f6964223b733a313a2233223b7d61646d696e5f646174617c613a323a7b733a353a22656d61696c223b733a31353a2261646d696e40676d61696c2e636f6d223b733a373a22726f6c655f6964223b733a313a2232223b7d),
('alcgdr9vttess1o9jg9fd8nl8875h7as', '::1', 1722137787, 0x5f5f63695f6c6173745f726567656e65726174657c693a313732323133373738373b),
('amb1s9jtjbo5gabu2m29f1n87p6fmbk1', '::1', 1722321175, 0x5f5f63695f6c6173745f726567656e65726174657c693a313732323332313137353b),
('ar05d5bbre00619774jq0lb7jhli2eh1', '::1', 1722678608, 0x5f5f63695f6c6173745f726567656e65726174657c693a313732323637383630383b),
('atpa63q3fglcmid0vlq12rp4g7j83gqk', '::1', 1722098048, 0x5f5f63695f6c6173745f726567656e65726174657c693a313732323039383034383b61646d696e5f646174617c613a323a7b733a353a22656d61696c223b733a31353a2261646d696e40676d61696c2e636f6d223b733a373a22726f6c655f6964223b733a313a2232223b7d),
('avq5gdm4f74c5a7i55r462mjasrlnsvv', '::1', 1722103417, 0x5f5f63695f6c6173745f726567656e65726174657c693a313732323130333431373b61646d696e5f646174617c613a323a7b733a353a22656d61696c223b733a31353a2261646d696e40676d61696c2e636f6d223b733a373a22726f6c655f6964223b733a313a2232223b7d),
('ben7ff8065rkq1tfsin0vbf03acaa3a7', '::1', 1722071970, 0x5f5f63695f6c6173745f726567656e65726174657c693a313732323037313937303b61646d696e5f646174617c613a323a7b733a353a22656d61696c223b733a31353a2261646d696e40676d61696c2e636f6d223b733a373a22726f6c655f6964223b733a313a2232223b7d6b616465735f646174617c613a323a7b733a353a22656d61696c223b733a31353a226b6164657340676d61696c2e636f6d223b733a373a22726f6c655f6964223b733a313a2233223b7d757365725f646174617c613a323a7b733a353a22656d61696c223b733a31343a22656e757940676d61696c2e636f6d223b733a373a22726f6c655f6964223b733a313a2232223b7d),
('bfdqh64vfc4j6asol72r2vu61j6qli16', '::1', 1722140053, 0x5f5f63695f6c6173745f726567656e65726174657c693a313732323134303035333b61646d696e5f646174617c613a323a7b733a353a22656d61696c223b733a31353a2261646d696e40676d61696c2e636f6d223b733a373a22726f6c655f6964223b733a313a2232223b7d),
('bh8pp7ij9d69iiq5uf5delmakff3dqs5', '::1', 1722138562, 0x5f5f63695f6c6173745f726567656e65726174657c693a313732323133383536323b61646d696e5f646174617c613a323a7b733a353a22656d61696c223b733a31353a2261646d696e40676d61696c2e636f6d223b733a373a22726f6c655f6964223b733a313a2232223b7d),
('bk4kokqtrgni35c335fs8a7ck1tbag10', '::1', 1721999942, 0x5f5f63695f6c6173745f726567656e65726174657c693a313732313939393934323b61646d696e5f646174617c613a323a7b733a353a22656d61696c223b733a31353a2261646d696e40676d61696c2e636f6d223b733a373a22726f6c655f6964223b733a313a2232223b7d6b616465735f646174617c613a323a7b733a353a22656d61696c223b733a31353a226b6164657340676d61696c2e636f6d223b733a373a22726f6c655f6964223b733a313a2233223b7d),
('bogst7k4rg3970mg1vfbg80u77il0vv1', '::1', 1722137856, 0x5f5f63695f6c6173745f726567656e65726174657c693a313732323133373835363b),
('bqhvsa6p0epjtl1ct0d1cv5i8uh1egge', '::1', 1722099105, 0x5f5f63695f6c6173745f726567656e65726174657c693a313732323039393130353b61646d696e5f646174617c613a323a7b733a353a22656d61696c223b733a31353a2261646d696e40676d61696c2e636f6d223b733a373a22726f6c655f6964223b733a313a2232223b7d),
('bu0go8raleriu6i28p16qr9vqkc1v9td', '::1', 1721997014, 0x5f5f63695f6c6173745f726567656e65726174657c693a313732313939373031343b6d6573736167657c733a37323a223c64697620636c6173733d22616c65727420616c6572742d64616e6765722220726f6c653d22616c657274223e456d61696c20546964616b205465726461667461723c2f6469763e223b5f5f63695f766172737c613a313a7b733a373a226d657373616765223b733a333a226f6c64223b7d),
('bvb91mbjejepb1eojlopmnpkut3slf8c', '::1', 1722817929, 0x5f5f63695f6c6173745f726567656e65726174657c693a313732323831373932393b61646d696e5f646174617c613a323a7b733a353a22656d61696c223b733a31353a2261646d696e40676d61696c2e636f6d223b733a373a22726f6c655f6964223b733a313a2232223b7d),
('c3flvdp9iulaob25f00ae9n44rllnk8d', '::1', 1722068583, 0x5f5f63695f6c6173745f726567656e65726174657c693a313732323036383538333b61646d696e5f646174617c613a323a7b733a353a22656d61696c223b733a31353a2261646d696e40676d61696c2e636f6d223b733a373a22726f6c655f6964223b733a313a2232223b7d6b616465735f646174617c613a323a7b733a353a22656d61696c223b733a31353a226b6164657340676d61696c2e636f6d223b733a373a22726f6c655f6964223b733a313a2233223b7d757365725f646174617c613a323a7b733a353a22656d61696c223b733a31343a22656e757940676d61696c2e636f6d223b733a373a22726f6c655f6964223b733a313a2232223b7d),
('cf2n7k61s1fbd0u0nqgp5svmhknn6te1', '::1', 1722070492, 0x5f5f63695f6c6173745f726567656e65726174657c693a313732323037303439323b61646d696e5f646174617c613a323a7b733a353a22656d61696c223b733a31353a2261646d696e40676d61696c2e636f6d223b733a373a22726f6c655f6964223b733a313a2232223b7d6b616465735f646174617c613a323a7b733a353a22656d61696c223b733a31353a226b6164657340676d61696c2e636f6d223b733a373a22726f6c655f6964223b733a313a2233223b7d757365725f646174617c613a323a7b733a353a22656d61696c223b733a31343a22656e757940676d61696c2e636f6d223b733a373a22726f6c655f6964223b733a313a2232223b7d),
('ch6622msudk4cu2flitn6ibo5b5da8nl', '::1', 1722067685, 0x5f5f63695f6c6173745f726567656e65726174657c693a313732323036373638353b61646d696e5f646174617c613a323a7b733a353a22656d61696c223b733a31353a2261646d696e40676d61696c2e636f6d223b733a373a22726f6c655f6964223b733a313a2232223b7d6b616465735f646174617c613a323a7b733a353a22656d61696c223b733a31353a226b6164657340676d61696c2e636f6d223b733a373a22726f6c655f6964223b733a313a2233223b7d),
('cjh5berk2612ti0v07albjovmro32nmm', '::1', 1722098964, 0x5f5f63695f6c6173745f726567656e65726174657c693a313732323039383936343b61646d696e5f646174617c613a323a7b733a353a22656d61696c223b733a31353a2261646d696e40676d61696c2e636f6d223b733a373a22726f6c655f6964223b733a313a2232223b7d),
('ck1esqrdd8th9m4ch0753f3cqvq3u0b3', '::1', 1722309846, 0x5f5f63695f6c6173745f726567656e65726174657c693a313732323330393832323b61646d696e5f646174617c613a323a7b733a353a22656d61696c223b733a31353a2261646d696e40676d61696c2e636f6d223b733a373a22726f6c655f6964223b733a313a2232223b7d757365725f646174617c613a323a7b733a353a22656d61696c223b733a31393a22616c64696c6c61407961686f6f2e636f2e6964223b733a373a22726f6c655f6964223b733a313a2232223b7d),
('com0sl4m5v9p90h0n1bp3kdepk697qki', '::1', 1722151008, 0x5f5f63695f6c6173745f726567656e65726174657c693a313732323135313030383b61646d696e5f646174617c613a323a7b733a353a22656d61696c223b733a31353a2261646d696e40676d61696c2e636f6d223b733a373a22726f6c655f6964223b733a313a2232223b7d6b616465735f646174617c613a323a7b733a353a22656d61696c223b733a31353a226b6164657340676d61696c2e636f6d223b733a373a22726f6c655f6964223b733a313a2233223b7d757365725f646174617c613a323a7b733a353a22656d61696c223b733a32323a22616c646964616e64696c6c6140676d61696c2e636f6d223b733a373a22726f6c655f6964223b733a313a2232223b7d),
('criiip689o9j4uf4695l0s1sr9oln04a', '::1', 1722102859, 0x5f5f63695f6c6173745f726567656e65726174657c693a313732323130323835393b61646d696e5f646174617c613a323a7b733a353a22656d61696c223b733a31353a2261646d696e40676d61696c2e636f6d223b733a373a22726f6c655f6964223b733a313a2232223b7d),
('d17uu0f3tkj2snvkm85k5kcsorlruuur', '::1', 1722233379, 0x5f5f63695f6c6173745f726567656e65726174657c693a313732323233333337393b6b616465735f646174617c613a323a7b733a353a22656d61696c223b733a31353a226b6164657340676d61696c2e636f6d223b733a373a22726f6c655f6964223b733a313a2233223b7d),
('d3lugsun5230rv7lap4kvjvbg2skcs27', '::1', 1722234328, 0x5f5f63695f6c6173745f726567656e65726174657c693a313732323233343332383b6b616465735f646174617c613a323a7b733a353a22656d61696c223b733a31353a226b6164657340676d61696c2e636f6d223b733a373a22726f6c655f6964223b733a313a2233223b7d61646d696e5f646174617c613a323a7b733a353a22656d61696c223b733a31353a2261646d696e40676d61696c2e636f6d223b733a373a22726f6c655f6964223b733a313a2232223b7d),
('d47s6m1mhh6kn8139o7vn7ohr3ark2rd', '::1', 1722411190, 0x5f5f63695f6c6173745f726567656e65726174657c693a313732323431313139303b6b616465735f646174617c613a323a7b733a353a22656d61696c223b733a31353a226b6164657340676d61696c2e636f6d223b733a373a22726f6c655f6964223b733a313a2233223b7d61646d696e5f646174617c613a323a7b733a353a22656d61696c223b733a31353a2261646d696e40676d61696c2e636f6d223b733a373a22726f6c655f6964223b733a313a2232223b7d),
('da4qekjakqreogodl4o9d3t9loc8gktj', '::1', 1722072481, 0x5f5f63695f6c6173745f726567656e65726174657c693a313732323037323438313b61646d696e5f646174617c613a323a7b733a353a22656d61696c223b733a31353a2261646d696e40676d61696c2e636f6d223b733a373a22726f6c655f6964223b733a313a2232223b7d6b616465735f646174617c613a323a7b733a353a22656d61696c223b733a31353a226b6164657340676d61696c2e636f6d223b733a373a22726f6c655f6964223b733a313a2233223b7d757365725f646174617c613a323a7b733a353a22656d61696c223b733a31343a22656e757940676d61696c2e636f6d223b733a373a22726f6c655f6964223b733a313a2232223b7d),
('db1fl9o4lt0nm4rblru8ep2b9udlv930', '::1', 1722308924, 0x5f5f63695f6c6173745f726567656e65726174657c693a313732323330383932343b61646d696e5f646174617c613a323a7b733a353a22656d61696c223b733a31353a2261646d696e40676d61696c2e636f6d223b733a373a22726f6c655f6964223b733a313a2232223b7d),
('dbsqdgfim3s4d339v6leg783b5anestm', '::1', 1722066561, 0x5f5f63695f6c6173745f726567656e65726174657c693a313732323036363536313b),
('dcq0gjmscja505ookrbl1nouk626l9ja', '::1', 1722234996, 0x5f5f63695f6c6173745f726567656e65726174657c693a313732323233343939323b6b616465735f646174617c613a323a7b733a353a22656d61696c223b733a31353a226b6164657340676d61696c2e636f6d223b733a373a22726f6c655f6964223b733a313a2233223b7d61646d696e5f646174617c613a323a7b733a353a22656d61696c223b733a31353a2261646d696e40676d61696c2e636f6d223b733a373a22726f6c655f6964223b733a313a2232223b7d),
('ddskp20ee9cbiopvnmm3b95dl7chhlqo', '::1', 1722138046, 0x5f5f63695f6c6173745f726567656e65726174657c693a313732323133383034363b),
('dh2fg03vfev6ek533jruiusctds8eppv', '::1', 1722105410, 0x5f5f63695f6c6173745f726567656e65726174657c693a313732323130353431303b61646d696e5f646174617c613a323a7b733a353a22656d61696c223b733a31353a2261646d696e40676d61696c2e636f6d223b733a373a22726f6c655f6964223b733a313a2232223b7d6d6573736167657c733a33303a2244617461206b656c7568616e20626572686173696c20646968617075732e223b5f5f63695f766172737c613a313a7b733a373a226d657373616765223b733a333a226f6c64223b7d),
('di6nass0ju4oemls7rn6lqp1rhd4doll', '::1', 1722159565, 0x5f5f63695f6c6173745f726567656e65726174657c693a313732323135393536353b6b616465735f646174617c613a323a7b733a353a22656d61696c223b733a31353a226b6164657340676d61696c2e636f6d223b733a373a22726f6c655f6964223b733a313a2233223b7d61646d696e5f646174617c613a323a7b733a353a22656d61696c223b733a31353a2261646d696e40676d61696c2e636f6d223b733a373a22726f6c655f6964223b733a313a2232223b7d),
('dmqm8u7iqas7vi9n2kn7foi9g76kqqpu', '::1', 1722165133, 0x5f5f63695f6c6173745f726567656e65726174657c693a313732323136353133333b6b616465735f646174617c613a323a7b733a353a22656d61696c223b733a31353a226b6164657340676d61696c2e636f6d223b733a373a22726f6c655f6964223b733a313a2233223b7d61646d696e5f646174617c613a323a7b733a353a22656d61696c223b733a31353a2261646d696e40676d61696c2e636f6d223b733a373a22726f6c655f6964223b733a313a2232223b7d757365725f646174617c613a323a7b733a353a22656d61696c223b733a31393a22616c64696c6c61407961686f6f2e636f2e6964223b733a373a22726f6c655f6964223b733a313a2232223b7d),
('dqf9lecri37c9c7jiv04ain3uvkbm2le', '::1', 1722067867, 0x5f5f63695f6c6173745f726567656e65726174657c693a313732323036373836373b61646d696e5f646174617c613a323a7b733a353a22656d61696c223b733a31353a2261646d696e40676d61696c2e636f6d223b733a373a22726f6c655f6964223b733a313a2232223b7d6b616465735f646174617c613a323a7b733a353a22656d61696c223b733a31353a226b6164657340676d61696c2e636f6d223b733a373a22726f6c655f6964223b733a313a2233223b7d757365725f646174617c613a323a7b733a353a22656d61696c223b733a31343a22656e757940676d61696c2e636f6d223b733a373a22726f6c655f6964223b733a313a2232223b7d),
('e0eo4vjet26h9b9opuc6id4n1bheusho', '::1', 1722066625, 0x5f5f63695f6c6173745f726567656e65726174657c693a313732323036363632353b);
INSERT INTO `ci_sessions` (`id`, `ip_address`, `timestamp`, `data`) VALUES
('e1qrp4sppa0abv6ip3k01t8pgcqgtkuk', '::1', 1722137169, 0x5f5f63695f6c6173745f726567656e65726174657c693a313732323133373136393b),
('eb0lbdo0gn859mhu9n0bjatlfmbj4njn', '::1', 1722140507, 0x5f5f63695f6c6173745f726567656e65726174657c693a313732323134303530373b61646d696e5f646174617c613a323a7b733a353a22656d61696c223b733a31353a2261646d696e40676d61696c2e636f6d223b733a373a22726f6c655f6964223b733a313a2232223b7d6b616465735f646174617c613a323a7b733a353a22656d61696c223b733a31353a226b6164657340676d61696c2e636f6d223b733a373a22726f6c655f6964223b733a313a2233223b7d757365725f646174617c613a323a7b733a353a22656d61696c223b733a31393a22616c64696c6c61407961686f6f2e636f2e6964223b733a373a22726f6c655f6964223b733a313a2232223b7d),
('ejc502a7fkrmljesdkf5sumra42i1gej', '::1', 1722138847, 0x5f5f63695f6c6173745f726567656e65726174657c693a313732323133383834373b61646d696e5f646174617c613a323a7b733a353a22656d61696c223b733a31353a2261646d696e40676d61696c2e636f6d223b733a373a22726f6c655f6964223b733a313a2232223b7d),
('ejom6d4ne2rnkj65q6q28ralt7dblj8b', '::1', 1722137682, 0x5f5f63695f6c6173745f726567656e65726174657c693a313732323133373638323b),
('ek0qjch0gvlq613o53965op6hv30sd18', '::1', 1722067084, 0x5f5f63695f6c6173745f726567656e65726174657c693a313732323036373038343b61646d696e5f646174617c613a323a7b733a353a22656d61696c223b733a31353a2261646d696e40676d61696c2e636f6d223b733a373a22726f6c655f6964223b733a313a2232223b7d6b616465735f646174617c613a323a7b733a353a22656d61696c223b733a31353a226b6164657340676d61696c2e636f6d223b733a373a22726f6c655f6964223b733a313a2233223b7d),
('enncvqfrsd4tjb49gmp008l1v304dbgj', '::1', 1722097537, 0x5f5f63695f6c6173745f726567656e65726174657c693a313732323039373533373b61646d696e5f646174617c613a323a7b733a353a22656d61696c223b733a31353a2261646d696e40676d61696c2e636f6d223b733a373a22726f6c655f6964223b733a313a2232223b7d),
('euip3vs22rorp2gi0itqrm25kvjdrkgt', '::1', 1722099819, 0x5f5f63695f6c6173745f726567656e65726174657c693a313732323039393831393b61646d696e5f646174617c613a323a7b733a353a22656d61696c223b733a31353a2261646d696e40676d61696c2e636f6d223b733a373a22726f6c655f6964223b733a313a2232223b7d),
('f42a3fm6chgfss5peh9r28pcrg3e0p68', '::1', 1722100732, 0x5f5f63695f6c6173745f726567656e65726174657c693a313732323130303733323b61646d696e5f646174617c613a323a7b733a353a22656d61696c223b733a31353a2261646d696e40676d61696c2e636f6d223b733a373a22726f6c655f6964223b733a313a2232223b7d),
('fau0ge9tmhkollnqctevqdap037vr7vh', '::1', 1722135321, 0x5f5f63695f6c6173745f726567656e65726174657c693a313732323133353332313b),
('fc1937gfihfb7fj2k16s8aqhhpmcdpp7', '::1', 1722096935, 0x5f5f63695f6c6173745f726567656e65726174657c693a313732323039363933353b61646d696e5f646174617c613a323a7b733a353a22656d61696c223b733a31353a2261646d696e40676d61696c2e636f6d223b733a373a22726f6c655f6964223b733a313a2232223b7d),
('fc4f5na4ai9dq0pfodh88d25f1r8nv89', '::1', 1722138237, 0x5f5f63695f6c6173745f726567656e65726174657c693a313732323133383233373b61646d696e5f646174617c613a323a7b733a353a22656d61696c223b733a31353a2261646d696e40676d61696c2e636f6d223b733a373a22726f6c655f6964223b733a313a2232223b7d),
('fct1ja27li0vpablas5fr99e7kpk1pn4', '::1', 1722104465, 0x5f5f63695f6c6173745f726567656e65726174657c693a313732323130343436353b61646d696e5f646174617c613a323a7b733a353a22656d61696c223b733a31353a2261646d696e40676d61696c2e636f6d223b733a373a22726f6c655f6964223b733a313a2232223b7d),
('fdimuu34ekqfmc62qn340p4p0r2qv4uv', '::1', 1722409537, 0x5f5f63695f6c6173745f726567656e65726174657c693a313732323430393533373b),
('fkc2ngbu5fnu21peurqh0p5o66557pao', '::1', 1722102585, 0x5f5f63695f6c6173745f726567656e65726174657c693a313732323130323538353b61646d696e5f646174617c613a323a7b733a353a22656d61696c223b733a31353a2261646d696e40676d61696c2e636f6d223b733a373a22726f6c655f6964223b733a313a2232223b7d),
('frtl38octgrau0sm8aid4qd0b4mvimtk', '::1', 1721998022, 0x5f5f63695f6c6173745f726567656e65726174657c693a313732313939383032323b61646d696e5f646174617c613a323a7b733a353a22656d61696c223b733a31353a2261646d696e40676d61696c2e636f6d223b733a373a22726f6c655f6964223b733a313a2232223b7d),
('fsq13khbhg4uek06a8f20lt9edfsg7si', '::1', 1722410793, 0x5f5f63695f6c6173745f726567656e65726174657c693a313732323431303739333b6b616465735f646174617c613a323a7b733a353a22656d61696c223b733a31353a226b6164657340676d61696c2e636f6d223b733a373a22726f6c655f6964223b733a313a2233223b7d61646d696e5f646174617c613a323a7b733a353a22656d61696c223b733a31353a2261646d696e40676d61696c2e636f6d223b733a373a22726f6c655f6964223b733a313a2232223b7d),
('ful05co95h36ggpe5askem9j312ithtu', '::1', 1721998917, 0x5f5f63695f6c6173745f726567656e65726174657c693a313732313939383931373b61646d696e5f646174617c613a323a7b733a353a22656d61696c223b733a31353a2261646d696e40676d61696c2e636f6d223b733a373a22726f6c655f6964223b733a313a2232223b7d),
('fut0g3koislkerl4dd091dj62vuumcli', '::1', 1722159379, 0x5f5f63695f6c6173745f726567656e65726174657c693a313732323135393337393b6b616465735f646174617c613a323a7b733a353a22656d61696c223b733a31353a226b6164657340676d61696c2e636f6d223b733a373a22726f6c655f6964223b733a313a2233223b7d),
('g00q77dvmsqcbt06dbicif9ocffdp1uc', '::1', 1722001365, 0x5f5f63695f6c6173745f726567656e65726174657c693a313732323030313336353b61646d696e5f646174617c613a323a7b733a353a22656d61696c223b733a31353a2261646d696e40676d61696c2e636f6d223b733a373a22726f6c655f6964223b733a313a2232223b7d6b616465735f646174617c613a323a7b733a353a22656d61696c223b733a31353a226b6164657340676d61696c2e636f6d223b733a373a22726f6c655f6964223b733a313a2233223b7d757365725f646174617c613a323a7b733a353a22656d61696c223b733a31393a22616c64696c6c61407961686f6f2e636f2e6964223b733a373a22726f6c655f6964223b733a313a2232223b7d),
('g2u79dmd1sfq9ju6jni4ngank7268642', '::1', 1722413128, 0x5f5f63695f6c6173745f726567656e65726174657c693a313732323431333132383b6b616465735f646174617c613a323a7b733a353a22656d61696c223b733a31353a226b6164657340676d61696c2e636f6d223b733a373a22726f6c655f6964223b733a313a2233223b7d61646d696e5f646174617c613a323a7b733a353a22656d61696c223b733a31353a2261646d696e40676d61696c2e636f6d223b733a373a22726f6c655f6964223b733a313a2232223b7d757365725f646174617c613a323a7b733a353a22656d61696c223b733a31363a2274617566696b40676d61696c2e636f6d223b733a373a22726f6c655f6964223b733a313a2232223b7d),
('g4brd5ipic6iugelu6ogm5ghqfc2k2pu', '::1', 1722101452, 0x5f5f63695f6c6173745f726567656e65726174657c693a313732323130313435323b61646d696e5f646174617c613a323a7b733a353a22656d61696c223b733a31353a2261646d696e40676d61696c2e636f6d223b733a373a22726f6c655f6964223b733a313a2232223b7d),
('g5he6gki8p36e590rmm47t6b7sjfna4p', '::1', 1721999525, 0x5f5f63695f6c6173745f726567656e65726174657c693a313732313939393532353b61646d696e5f646174617c613a323a7b733a353a22656d61696c223b733a31353a2261646d696e40676d61696c2e636f6d223b733a373a22726f6c655f6964223b733a313a2232223b7d6d6573736167657c733a36353a223c64697620636c6173733d22616c65727420616c6572742d64616e6765722220726f6c653d22616c657274223e50617373776f72642053616c61683c2f6469763e223b5f5f63695f766172737c613a313a7b733a373a226d657373616765223b733a333a226f6c64223b7d),
('g5kipflnk8o8pq5ltd2m1o1vaa9jetvb', '::1', 1722099028, 0x5f5f63695f6c6173745f726567656e65726174657c693a313732323039393032383b61646d696e5f646174617c613a323a7b733a353a22656d61696c223b733a31353a2261646d696e40676d61696c2e636f6d223b733a373a22726f6c655f6964223b733a313a2232223b7d),
('g69nokvsg5oknhdgg7639f7hj22ls9e8', '::1', 1722136781, 0x5f5f63695f6c6173745f726567656e65726174657c693a313732323133363738313b),
('gf7iicmufo9sg72hnnmnlntdgsdn82qc', '::1', 1722105243, 0x5f5f63695f6c6173745f726567656e65726174657c693a313732323130353234333b61646d696e5f646174617c613a323a7b733a353a22656d61696c223b733a31353a2261646d696e40676d61696c2e636f6d223b733a373a22726f6c655f6964223b733a313a2232223b7d),
('gfiog2jtu58lccvnaefevgqi1g5b2nc2', '::1', 1722002114, 0x5f5f63695f6c6173745f726567656e65726174657c693a313732323030323131343b61646d696e5f646174617c613a323a7b733a353a22656d61696c223b733a31353a2261646d696e40676d61696c2e636f6d223b733a373a22726f6c655f6964223b733a313a2232223b7d6b616465735f646174617c613a323a7b733a353a22656d61696c223b733a31353a226b6164657340676d61696c2e636f6d223b733a373a22726f6c655f6964223b733a313a2233223b7d757365725f646174617c613a323a7b733a353a22656d61696c223b733a31393a22616c64696c6c61407961686f6f2e636f2e6964223b733a373a22726f6c655f6964223b733a313a2232223b7d),
('gkuo02gdl671n45o7p5q2anqttc0vo8g', '::1', 1722410583, 0x5f5f63695f6c6173745f726567656e65726174657c693a313732323431303538333b6b616465735f646174617c613a323a7b733a353a22656d61696c223b733a31353a226b6164657340676d61696c2e636f6d223b733a373a22726f6c655f6964223b733a313a2233223b7d),
('go66f7hafrs24ofr5gc8j7ch4a495r8b', '::1', 1722071052, 0x5f5f63695f6c6173745f726567656e65726174657c693a313732323037313035323b61646d696e5f646174617c613a323a7b733a353a22656d61696c223b733a31353a2261646d696e40676d61696c2e636f6d223b733a373a22726f6c655f6964223b733a313a2232223b7d6b616465735f646174617c613a323a7b733a353a22656d61696c223b733a31353a226b6164657340676d61696c2e636f6d223b733a373a22726f6c655f6964223b733a313a2233223b7d757365725f646174617c613a323a7b733a353a22656d61696c223b733a31343a22656e757940676d61696c2e636f6d223b733a373a22726f6c655f6964223b733a313a2232223b7d),
('gr241iihb10804kosao9plsp5m98v89v', '::1', 1722104616, 0x5f5f63695f6c6173745f726567656e65726174657c693a313732323130343631363b61646d696e5f646174617c613a323a7b733a353a22656d61696c223b733a31353a2261646d696e40676d61696c2e636f6d223b733a373a22726f6c655f6964223b733a313a2232223b7d6d6573736167657c733a32323a224461746120626572686173696c20646968617075732e223b5f5f63695f766172737c613a313a7b733a373a226d657373616765223b733a333a226f6c64223b7d),
('grl534rs53eum4t6uv1ever35koh8hqn', '::1', 1722102045, 0x5f5f63695f6c6173745f726567656e65726174657c693a313732323130323034353b61646d696e5f646174617c613a323a7b733a353a22656d61696c223b733a31353a2261646d696e40676d61696c2e636f6d223b733a373a22726f6c655f6964223b733a313a2232223b7d6d6573736167657c733a37373a223c64697620636c6173733d22616c65727420616c6572742d737563636573732220726f6c653d22616c657274223e4461746120426572686173696c20446974616d6261686b616e3c2f6469763e223b5f5f63695f766172737c613a313a7b733a373a226d657373616765223b733a333a226e6577223b7d),
('gt73f77rveepos43faqv6iv6dmfgs03k', '::1', 1722148238, 0x5f5f63695f6c6173745f726567656e65726174657c693a313732323134383233383b61646d696e5f646174617c613a323a7b733a353a22656d61696c223b733a31353a2261646d696e40676d61696c2e636f6d223b733a373a22726f6c655f6964223b733a313a2232223b7d6b616465735f646174617c613a323a7b733a353a22656d61696c223b733a31353a226b6164657340676d61696c2e636f6d223b733a373a22726f6c655f6964223b733a313a2233223b7d757365725f646174617c613a323a7b733a353a22656d61696c223b733a32323a22616c646964616e64696c6c6140676d61696c2e636f6d223b733a373a22726f6c655f6964223b733a313a2232223b7d),
('gtnmuqk59bc6q79nncnuhjh6pemuaprc', '::1', 1722001246, 0x5f5f63695f6c6173745f726567656e65726174657c693a313732323030313234363b61646d696e5f646174617c613a323a7b733a353a22656d61696c223b733a31353a2261646d696e40676d61696c2e636f6d223b733a373a22726f6c655f6964223b733a313a2232223b7d6b616465735f646174617c613a323a7b733a353a22656d61696c223b733a31353a226b6164657340676d61696c2e636f6d223b733a373a22726f6c655f6964223b733a313a2233223b7d757365725f646174617c613a323a7b733a353a22656d61696c223b733a31393a22616c64696c6c61407961686f6f2e636f2e6964223b733a373a22726f6c655f6964223b733a313a2232223b7d),
('h3gha5tjqh1cblccpt7ntub9tm1kt8ch', '::1', 1722231730, 0x5f5f63695f6c6173745f726567656e65726174657c693a313732323233313733303b6b616465735f646174617c613a323a7b733a353a22656d61696c223b733a31353a226b6164657340676d61696c2e636f6d223b733a373a22726f6c655f6964223b733a313a2233223b7d),
('h60vd1ngm6cbra4blhubbtmbo7k7253p', '::1', 1722233247, 0x5f5f63695f6c6173745f726567656e65726174657c693a313732323233333234373b6b616465735f646174617c613a323a7b733a353a22656d61696c223b733a31353a226b6164657340676d61696c2e636f6d223b733a373a22726f6c655f6964223b733a313a2233223b7d),
('h85nh20gqc2ei60letba42btbovr8hml', '::1', 1722817821, 0x5f5f63695f6c6173745f726567656e65726174657c693a313732323831373832313b61646d696e5f646174617c613a323a7b733a353a22656d61696c223b733a31353a2261646d696e40676d61696c2e636f6d223b733a373a22726f6c655f6964223b733a313a2232223b7d),
('h9m841drp0bhje467q368effat5iv3sn', '::1', 1722135943, 0x5f5f63695f6c6173745f726567656e65726174657c693a313732323133353934333b),
('hak35rtqifj2jtof655tgqaq2u45v27l', '::1', 1722413128, 0x5f5f63695f6c6173745f726567656e65726174657c693a313732323431333132383b6b616465735f646174617c613a323a7b733a353a22656d61696c223b733a31353a226b6164657340676d61696c2e636f6d223b733a373a22726f6c655f6964223b733a313a2233223b7d61646d696e5f646174617c613a323a7b733a353a22656d61696c223b733a31353a2261646d696e40676d61696c2e636f6d223b733a373a22726f6c655f6964223b733a313a2232223b7d757365725f646174617c613a323a7b733a353a22656d61696c223b733a31363a2274617566696b40676d61696c2e636f6d223b733a373a22726f6c655f6964223b733a313a2232223b7d),
('iani38kukc2s4dmrqov7epsukb24r30o', '::1', 1722135832, 0x5f5f63695f6c6173745f726567656e65726174657c693a313732323133353833323b),
('iaulvr7op3vafi9ala1it3s7ugtduuh1', '::1', 1722677912, 0x5f5f63695f6c6173745f726567656e65726174657c693a313732323637373931323b),
('ibdpg37b2e605of6mrb7nqs4brb44lf5', '::1', 1722096018, 0x5f5f63695f6c6173745f726567656e65726174657c693a313732323039363031383b),
('ipplu6hcs8e6c8crq6p1geij0tf0aujr', '::1', 1722136309, 0x5f5f63695f6c6173745f726567656e65726174657c693a313732323133363330393b),
('irttb97lth0nb90rqkja1v6j6e6ujj1p', '::1', 1722410500, 0x5f5f63695f6c6173745f726567656e65726174657c693a313732323431303530303b6b616465735f646174617c613a323a7b733a353a22656d61696c223b733a31353a226b6164657340676d61696c2e636f6d223b733a373a22726f6c655f6964223b733a313a2233223b7d),
('iu2hv8n6qgkan089vf5j89mfr5fadeh1', '::1', 1722234266, 0x5f5f63695f6c6173745f726567656e65726174657c693a313732323233343236363b6b616465735f646174617c613a323a7b733a353a22656d61696c223b733a31353a226b6164657340676d61696c2e636f6d223b733a373a22726f6c655f6964223b733a313a2233223b7d61646d696e5f646174617c613a323a7b733a353a22656d61696c223b733a31353a2261646d696e40676d61696c2e636f6d223b733a373a22726f6c655f6964223b733a313a2232223b7d6d6573736167657c733a37373a223c64697620636c6173733d22616c65727420616c6572742d737563636573732220726f6c653d22616c657274223e4461746120426572686173696c20446974616d6261686b616e3c2f6469763e223b5f5f63695f766172737c613a313a7b733a373a226d657373616765223b733a333a226e6577223b7d),
('j2hgn3hcehra7rlnndgrc9h6jbs48sbc', '::1', 1722066181, 0x5f5f63695f6c6173745f726567656e65726174657c693a313732323036363138313b6b616465735f646174617c613a323a7b733a353a22656d61696c223b733a31353a226b6164657340676d61696c2e636f6d223b733a373a22726f6c655f6964223b733a313a2233223b7d61646d696e5f646174617c613a323a7b733a353a22656d61696c223b733a31353a2261646d696e40676d61696c2e636f6d223b733a373a22726f6c655f6964223b733a313a2232223b7d757365725f646174617c613a323a7b733a353a22656d61696c223b733a31393a22616c64696c6c61407961686f6f2e636f2e6964223b733a373a22726f6c655f6964223b733a313a2232223b7d),
('j338e88s03nomq3pq5aj87e13t0nq2jl', '::1', 1722098160, 0x5f5f63695f6c6173745f726567656e65726174657c693a313732323039383136303b61646d696e5f646174617c613a323a7b733a353a22656d61696c223b733a31353a2261646d696e40676d61696c2e636f6d223b733a373a22726f6c655f6964223b733a313a2232223b7d),
('j90paomup0pcnvqkhcprgk9f4u9mde24', '::1', 1722661215, 0x5f5f63695f6c6173745f726567656e65726174657c693a313732323636313231353b61646d696e5f646174617c613a323a7b733a353a22656d61696c223b733a31353a2261646d696e40676d61696c2e636f6d223b733a373a22726f6c655f6964223b733a313a2232223b7d),
('jc3409bg99c1isqmr2ebamn8ie2k9vvl', '::1', 1722065573, 0x5f5f63695f6c6173745f726567656e65726174657c693a313732323036353537333b6b616465735f646174617c613a323a7b733a353a22656d61696c223b733a31353a226b6164657340676d61696c2e636f6d223b733a373a22726f6c655f6964223b733a313a2233223b7d61646d696e5f646174617c613a323a7b733a353a22656d61696c223b733a31353a2261646d696e40676d61696c2e636f6d223b733a373a22726f6c655f6964223b733a313a2232223b7d757365725f646174617c613a323a7b733a353a22656d61696c223b733a31393a22616c64696c6c61407961686f6f2e636f2e6964223b733a373a22726f6c655f6964223b733a313a2232223b7d),
('jeftbr8on2dl1q0tou9hqbqjf3hat051', '::1', 1722233318, 0x5f5f63695f6c6173745f726567656e65726174657c693a313732323233333331383b6b616465735f646174617c613a323a7b733a353a22656d61696c223b733a31353a226b6164657340676d61696c2e636f6d223b733a373a22726f6c655f6964223b733a313a2233223b7d),
('jf1pk75kg2u8net34ug9idj29seolgsu', '::1', 1722140748, 0x5f5f63695f6c6173745f726567656e65726174657c693a313732323134303734383b61646d696e5f646174617c613a323a7b733a353a22656d61696c223b733a31353a2261646d696e40676d61696c2e636f6d223b733a373a22726f6c655f6964223b733a313a2232223b7d6b616465735f646174617c613a323a7b733a353a22656d61696c223b733a31353a226b6164657340676d61696c2e636f6d223b733a373a22726f6c655f6964223b733a313a2233223b7d757365725f646174617c613a323a7b733a353a22656d61696c223b733a31393a22616c64696c6c61407961686f6f2e636f2e6964223b733a373a22726f6c655f6964223b733a313a2232223b7d),
('jflnvr6sia6oh919evpib72e6l70c4ap', '::1', 1722098894, 0x5f5f63695f6c6173745f726567656e65726174657c693a313732323039383839343b61646d696e5f646174617c613a323a7b733a353a22656d61696c223b733a31353a2261646d696e40676d61696c2e636f6d223b733a373a22726f6c655f6964223b733a313a2232223b7d),
('jg9qmpenpf9fb23vroeej3mavkcemf4l', '::1', 1722068655, 0x5f5f63695f6c6173745f726567656e65726174657c693a313732323036383635353b61646d696e5f646174617c613a323a7b733a353a22656d61696c223b733a31353a2261646d696e40676d61696c2e636f6d223b733a373a22726f6c655f6964223b733a313a2232223b7d6b616465735f646174617c613a323a7b733a353a22656d61696c223b733a31353a226b6164657340676d61696c2e636f6d223b733a373a22726f6c655f6964223b733a313a2233223b7d757365725f646174617c613a323a7b733a353a22656d61696c223b733a31343a22656e757940676d61696c2e636f6d223b733a373a22726f6c655f6964223b733a313a2232223b7d),
('jknbcckm8h5kq4ompd6pucfro01ogt2p', '::1', 1722138134, 0x5f5f63695f6c6173745f726567656e65726174657c693a313732323133383133343b61646d696e5f646174617c613a323a7b733a353a22656d61696c223b733a31353a2261646d696e40676d61696c2e636f6d223b733a373a22726f6c655f6964223b733a313a2232223b7d),
('jn93dt26uf00n2qjn3j738vik7d8fgvi', '::1', 1722818001, 0x5f5f63695f6c6173745f726567656e65726174657c693a313732323831383030313b61646d696e5f646174617c613a323a7b733a353a22656d61696c223b733a31353a2261646d696e40676d61696c2e636f6d223b733a373a22726f6c655f6964223b733a313a2232223b7d),
('jonsbg5gkm71b71l0ksi3spok8tt4m99', '::1', 1722410343, 0x5f5f63695f6c6173745f726567656e65726174657c693a313732323431303334333b6b616465735f646174617c613a323a7b733a353a22656d61696c223b733a31353a226b6164657340676d61696c2e636f6d223b733a373a22726f6c655f6964223b733a313a2233223b7d),
('josdj3vlfk1dvja3950j8cslvie3a3e9', '::1', 1722136040, 0x5f5f63695f6c6173745f726567656e65726174657c693a313732323133363034303b),
('jp8evgifcgpm5rgbdeqcau1rtnfsj3pq', '::1', 1722104552, 0x5f5f63695f6c6173745f726567656e65726174657c693a313732323130343535323b61646d696e5f646174617c613a323a7b733a353a22656d61696c223b733a31353a2261646d696e40676d61696c2e636f6d223b733a373a22726f6c655f6964223b733a313a2232223b7d),
('k5tfgs1ci9iv8ngkv97bfm8glov0vkjr', '::1', 1722074737, 0x5f5f63695f6c6173745f726567656e65726174657c693a313732323037343733373b61646d696e5f646174617c613a323a7b733a353a22656d61696c223b733a31353a2261646d696e40676d61696c2e636f6d223b733a373a22726f6c655f6964223b733a313a2232223b7d6b616465735f646174617c613a323a7b733a353a22656d61696c223b733a31353a226b6164657340676d61696c2e636f6d223b733a373a22726f6c655f6964223b733a313a2233223b7d757365725f646174617c613a323a7b733a353a22656d61696c223b733a31343a22656e757940676d61696c2e636f6d223b733a373a22726f6c655f6964223b733a313a2232223b7d),
('k6cdk0e06oa94ha40mnbg5ui355ek310', '::1', 1722096712, 0x5f5f63695f6c6173745f726567656e65726174657c693a313732323039363731323b61646d696e5f646174617c613a323a7b733a353a22656d61696c223b733a31353a2261646d696e40676d61696c2e636f6d223b733a373a22726f6c655f6964223b733a313a2232223b7d),
('k7hkhp2jrrf2rpi5f66e7jtmkiesbc2j', '::1', 1722060566, 0x5f5f63695f6c6173745f726567656e65726174657c693a313732323036303536363b6b616465735f646174617c613a323a7b733a353a22656d61696c223b733a31353a226b6164657340676d61696c2e636f6d223b733a373a22726f6c655f6964223b733a313a2233223b7d61646d696e5f646174617c613a323a7b733a353a22656d61696c223b733a31353a2261646d696e40676d61696c2e636f6d223b733a373a22726f6c655f6964223b733a313a2232223b7d757365725f646174617c613a323a7b733a353a22656d61696c223b733a31393a22616c64696c6c61407961686f6f2e636f2e6964223b733a373a22726f6c655f6964223b733a313a2232223b7d),
('k88osb9rqk1s5rhlhsdnk48406hu2aaf', '::1', 1722309723, 0x5f5f63695f6c6173745f726567656e65726174657c693a313732323330393732333b61646d696e5f646174617c613a323a7b733a353a22656d61696c223b733a31353a2261646d696e40676d61696c2e636f6d223b733a373a22726f6c655f6964223b733a313a2232223b7d757365725f646174617c613a323a7b733a353a22656d61696c223b733a31393a22616c64696c6c61407961686f6f2e636f2e6964223b733a373a22726f6c655f6964223b733a313a2232223b7d6d6573736167657c733a38333a223c64697620636c6173733d22616c65727420616c6572742d64616e6765722220726f6c653d22616c657274223e4e616d6120746964616b20646974656d756b616e2064692064617461626173653c2f6469763e223b5f5f63695f766172737c613a313a7b733a373a226d657373616765223b733a333a226f6c64223b7d),
('k9ahaplrrhtt33l7e66de2avvqfq6l3m', '::1', 1722677107, 0x5f5f63695f6c6173745f726567656e65726174657c693a313732323637373130373b),
('kamudmd0812bv341lmu09vqnhplo7r1d', '::1', 1722818149, 0x5f5f63695f6c6173745f726567656e65726174657c693a313732323831383134393b61646d696e5f646174617c613a323a7b733a353a22656d61696c223b733a31353a2261646d696e40676d61696c2e636f6d223b733a373a22726f6c655f6964223b733a313a2232223b7d),
('kaq6uum28mafhjfb2svq821afiq4i3vj', '::1', 1722677999, 0x5f5f63695f6c6173745f726567656e65726174657c693a313732323637373939393b),
('kb8o6660aaia73u0q8dbfaph4oga6bvk', '::1', 1722134767, 0x5f5f63695f6c6173745f726567656e65726174657c693a313732323133343736373b),
('kfisesi56qdrc0e1ab0jl5jo99vohjju', '::1', 1722410425, 0x5f5f63695f6c6173745f726567656e65726174657c693a313732323431303432353b6b616465735f646174617c613a323a7b733a353a22656d61696c223b733a31353a226b6164657340676d61696c2e636f6d223b733a373a22726f6c655f6964223b733a313a2233223b7d),
('khkn2pd1k44ubaqc14jvovepmasohhlo', '::1', 1722096200, 0x5f5f63695f6c6173745f726567656e65726174657c693a313732323039363230303b61646d696e5f646174617c613a323a7b733a353a22656d61696c223b733a31353a2261646d696e40676d61696c2e636f6d223b733a373a22726f6c655f6964223b733a313a2232223b7d),
('khn5ht457novjtcdd0eqff81r684fhgl', '::1', 1722103653, 0x5f5f63695f6c6173745f726567656e65726174657c693a313732323130333635333b61646d696e5f646174617c613a323a7b733a353a22656d61696c223b733a31353a2261646d696e40676d61696c2e636f6d223b733a373a22726f6c655f6964223b733a313a2232223b7d),
('kkabmdo41vd2pssebgbtbe8dge6fpgdt', '::1', 1722134692, 0x5f5f63695f6c6173745f726567656e65726174657c693a313732323133343639323b),
('kkimtkgjkptfltrt047pf89hoq3sqdv2', '::1', 1722105410, 0x5f5f63695f6c6173745f726567656e65726174657c693a313732323130353431303b61646d696e5f646174617c613a323a7b733a353a22656d61696c223b733a31353a2261646d696e40676d61696c2e636f6d223b733a373a22726f6c655f6964223b733a313a2232223b7d),
('kl43p2mu1224ouf2omv0orke53v2hsne', '::1', 1722100431, 0x5f5f63695f6c6173745f726567656e65726174657c693a313732323130303433313b61646d696e5f646174617c613a323a7b733a353a22656d61696c223b733a31353a2261646d696e40676d61696c2e636f6d223b733a373a22726f6c655f6964223b733a313a2232223b7d),
('klbagbg55o9sgai3ro1936vpj6b3br38', '::1', 1722067232, 0x5f5f63695f6c6173745f726567656e65726174657c693a313732323036373233323b61646d696e5f646174617c613a323a7b733a353a22656d61696c223b733a31353a2261646d696e40676d61696c2e636f6d223b733a373a22726f6c655f6964223b733a313a2232223b7d6b616465735f646174617c613a323a7b733a353a22656d61696c223b733a31353a226b6164657340676d61696c2e636f6d223b733a373a22726f6c655f6964223b733a313a2233223b7d),
('ksn9c080a16vfpm1ghrtgvc9pvqlc9up', '::1', 1722074605, 0x5f5f63695f6c6173745f726567656e65726174657c693a313732323037343630353b61646d696e5f646174617c613a323a7b733a353a22656d61696c223b733a31353a2261646d696e40676d61696c2e636f6d223b733a373a22726f6c655f6964223b733a313a2232223b7d6b616465735f646174617c613a323a7b733a353a22656d61696c223b733a31353a226b6164657340676d61696c2e636f6d223b733a373a22726f6c655f6964223b733a313a2233223b7d757365725f646174617c613a323a7b733a353a22656d61696c223b733a31343a22656e757940676d61696c2e636f6d223b733a373a22726f6c655f6964223b733a313a2232223b7d),
('l1l4ekvhli9f01h4khupgvk46346cbm9', '::1', 1722136857, 0x5f5f63695f6c6173745f726567656e65726174657c693a313732323133363835373b),
('l3iirbla1oqtctud6srrp0erlk1vo5cb', '::1', 1722411322, 0x5f5f63695f6c6173745f726567656e65726174657c693a313732323431313332323b6b616465735f646174617c613a323a7b733a353a22656d61696c223b733a31353a226b6164657340676d61696c2e636f6d223b733a373a22726f6c655f6964223b733a313a2233223b7d61646d696e5f646174617c613a323a7b733a353a22656d61696c223b733a31353a2261646d696e40676d61696c2e636f6d223b733a373a22726f6c655f6964223b733a313a2232223b7d),
('l42pjdlch4dvdn1eh6msp87e15ogt9df', '::1', 1722135167, 0x5f5f63695f6c6173745f726567656e65726174657c693a313732323133353136373b),
('l8npfpuemvmq6bsphksd4abmbkb7li53', '::1', 1722066313, 0x5f5f63695f6c6173745f726567656e65726174657c693a313732323036363331333b6b616465735f646174617c613a323a7b733a353a22656d61696c223b733a31353a226b6164657340676d61696c2e636f6d223b733a373a22726f6c655f6964223b733a313a2233223b7d61646d696e5f646174617c613a323a7b733a353a22656d61696c223b733a31353a2261646d696e40676d61696c2e636f6d223b733a373a22726f6c655f6964223b733a313a2232223b7d757365725f646174617c613a323a7b733a353a22656d61696c223b733a31393a22616c64696c6c61407961686f6f2e636f2e6964223b733a373a22726f6c655f6964223b733a313a2232223b7d),
('lc4vsn5rdd0l5r26maqc7tjm9fak6m1p', '::1', 1722231176, 0x5f5f63695f6c6173745f726567656e65726174657c693a313732323233313137363b6b616465735f646174617c613a323a7b733a353a22656d61696c223b733a31353a226b6164657340676d61696c2e636f6d223b733a373a22726f6c655f6964223b733a313a2233223b7d),
('led56o7a1vfd6338a7rb8s332pl4vrsn', '::1', 1722104702, 0x5f5f63695f6c6173745f726567656e65726174657c693a313732323130343730323b61646d696e5f646174617c613a323a7b733a353a22656d61696c223b733a31353a2261646d696e40676d61696c2e636f6d223b733a373a22726f6c655f6964223b733a313a2232223b7d),
('lmhlsv4tcaj5msvkoms0kvuhm87ehl1h', '::1', 1722234100, 0x5f5f63695f6c6173745f726567656e65726174657c693a313732323233343130303b6b616465735f646174617c613a323a7b733a353a22656d61696c223b733a31353a226b6164657340676d61696c2e636f6d223b733a373a22726f6c655f6964223b733a313a2233223b7d),
('logag35mv7bceaejmbvpjh074hu1jvi9', '::1', 1722068716, 0x5f5f63695f6c6173745f726567656e65726174657c693a313732323036383731363b61646d696e5f646174617c613a323a7b733a353a22656d61696c223b733a31353a2261646d696e40676d61696c2e636f6d223b733a373a22726f6c655f6964223b733a313a2232223b7d6b616465735f646174617c613a323a7b733a353a22656d61696c223b733a31353a226b6164657340676d61696c2e636f6d223b733a373a22726f6c655f6964223b733a313a2233223b7d757365725f646174617c613a323a7b733a353a22656d61696c223b733a31343a22656e757940676d61696c2e636f6d223b733a373a22726f6c655f6964223b733a313a2232223b7d),
('lr6uav9nv4dv9ek0qlj7n0u4ibl2c38q', '::1', 1722677648, 0x5f5f63695f6c6173745f726567656e65726174657c693a313732323637373634383b),
('lvi74iatdmfuhpihirdl27r30euuq4um', '::1', 1722097415, 0x5f5f63695f6c6173745f726567656e65726174657c693a313732323039373431353b61646d696e5f646174617c613a323a7b733a353a22656d61696c223b733a31353a2261646d696e40676d61696c2e636f6d223b733a373a22726f6c655f6964223b733a313a2232223b7d),
('m0md9rivofoiqp3ed5nka7jji6p5m77g', '::1', 1722663654, 0x5f5f63695f6c6173745f726567656e65726174657c693a313732323636333635343b61646d696e5f646174617c613a323a7b733a353a22656d61696c223b733a31353a2261646d696e40676d61696c2e636f6d223b733a373a22726f6c655f6964223b733a313a2232223b7d),
('m2qs8msl0mjqpmtoel2vt6vmmmvnfo4s', '::1', 1722097055, 0x5f5f63695f6c6173745f726567656e65726174657c693a313732323039373035353b61646d696e5f646174617c613a323a7b733a353a22656d61696c223b733a31353a2261646d696e40676d61696c2e636f6d223b733a373a22726f6c655f6964223b733a313a2232223b7d),
('m4h9sup89ou6q95m35fi3g207458cp4k', '::1', 1722309233, 0x5f5f63695f6c6173745f726567656e65726174657c693a313732323330393233333b61646d696e5f646174617c613a323a7b733a353a22656d61696c223b733a31353a2261646d696e40676d61696c2e636f6d223b733a373a22726f6c655f6964223b733a313a2232223b7d),
('ma8eruon8blf75lipdh065purfm9tbhn', '::1', 1722411715, 0x5f5f63695f6c6173745f726567656e65726174657c693a313732323431313731353b6b616465735f646174617c613a323a7b733a353a22656d61696c223b733a31353a226b6164657340676d61696c2e636f6d223b733a373a22726f6c655f6964223b733a313a2233223b7d61646d696e5f646174617c613a323a7b733a353a22656d61696c223b733a31353a2261646d696e40676d61696c2e636f6d223b733a373a22726f6c655f6964223b733a313a2232223b7d757365725f646174617c613a323a7b733a353a22656d61696c223b733a31363a2274617566696b40676d61696c2e636f6d223b733a373a22726f6c655f6964223b733a313a2232223b7d),
('mca5sj0vqg2llpvoc4vd0usfhpdborts', '::1', 1722135612, 0x5f5f63695f6c6173745f726567656e65726174657c693a313732323133353631323b),
('md8d0vj3bqpinpd1rtg0h2lubs3m5phf', '::1', 1722065905, 0x5f5f63695f6c6173745f726567656e65726174657c693a313732323036353930353b6b616465735f646174617c613a323a7b733a353a22656d61696c223b733a31353a226b6164657340676d61696c2e636f6d223b733a373a22726f6c655f6964223b733a313a2233223b7d61646d696e5f646174617c613a323a7b733a353a22656d61696c223b733a31353a2261646d696e40676d61696c2e636f6d223b733a373a22726f6c655f6964223b733a313a2232223b7d757365725f646174617c613a323a7b733a353a22656d61696c223b733a31393a22616c64696c6c61407961686f6f2e636f2e6964223b733a373a22726f6c655f6964223b733a313a2232223b7d),
('melnnla17di8lsmmqcjiicqav4l3gko8', '::1', 1722007130, 0x5f5f63695f6c6173745f726567656e65726174657c693a313732323030373133303b61646d696e5f646174617c613a323a7b733a353a22656d61696c223b733a31353a2261646d696e40676d61696c2e636f6d223b733a373a22726f6c655f6964223b733a313a2232223b7d6b616465735f646174617c613a323a7b733a353a22656d61696c223b733a31353a226b6164657340676d61696c2e636f6d223b733a373a22726f6c655f6964223b733a313a2233223b7d757365725f646174617c613a323a7b733a353a22656d61696c223b733a31393a22616c64696c6c61407961686f6f2e636f2e6964223b733a373a22726f6c655f6964223b733a313a2232223b7d6d6573736167657c733a37343a223c64697620636c6173733d22616c65727420616c6572742d737563636573732220726f6c653d22616c657274223e416e6461205375646168204b656c75617220416b756e3c2f6469763e223b5f5f63695f766172737c613a313a7b733a373a226d657373616765223b733a333a226f6c64223b7d),
('mfbob8ju48hgh6cumahfnn582o1h4fme', '::1', 1722105018, 0x5f5f63695f6c6173745f726567656e65726174657c693a313732323130353031383b61646d696e5f646174617c613a323a7b733a353a22656d61696c223b733a31353a2261646d696e40676d61696c2e636f6d223b733a373a22726f6c655f6964223b733a313a2232223b7d),
('mt8ho56l4d5khdt1tl2l5034pa9tbpnp', '::1', 1722231367, 0x5f5f63695f6c6173745f726567656e65726174657c693a313732323233313336373b6b616465735f646174617c613a323a7b733a353a22656d61696c223b733a31353a226b6164657340676d61696c2e636f6d223b733a373a22726f6c655f6964223b733a313a2233223b7d),
('mv5c38196n45egev3pp9p7t7fbaeac2r', '::1', 1722308767, 0x5f5f63695f6c6173745f726567656e65726174657c693a313732323330383736373b61646d696e5f646174617c613a323a7b733a353a22656d61696c223b733a31353a2261646d696e40676d61696c2e636f6d223b733a373a22726f6c655f6964223b733a313a2232223b7d),
('n2uj5o5pv1c68uhv95l5rpmlsn86u3jj', '::1', 1722138384, 0x5f5f63695f6c6173745f726567656e65726174657c693a313732323133383338343b61646d696e5f646174617c613a323a7b733a353a22656d61696c223b733a31353a2261646d696e40676d61696c2e636f6d223b733a373a22726f6c655f6964223b733a313a2232223b7d),
('n8qdfo6svr0vdmq719dlan50935mb3hh', '::1', 1722134942, 0x5f5f63695f6c6173745f726567656e65726174657c693a313732323133343934323b),
('n8tq8d0704spjqfugdcu00ub2ukuonkf', '::1', 1721996705, 0x5f5f63695f6c6173745f726567656e65726174657c693a313732313939363730353b),
('nct5fsn6hhp5o2v719sn586grkf2uj20', '::1', 1722664469, 0x5f5f63695f6c6173745f726567656e65726174657c693a313732323636343436383b61646d696e5f646174617c613a323a7b733a353a22656d61696c223b733a31353a2261646d696e40676d61696c2e636f6d223b733a373a22726f6c655f6964223b733a313a2232223b7d),
('nhpkgv3aut2m9b97jvse3gnqjsd19rn7', '::1', 1722072034, 0x5f5f63695f6c6173745f726567656e65726174657c693a313732323037323033343b61646d696e5f646174617c613a323a7b733a353a22656d61696c223b733a31353a2261646d696e40676d61696c2e636f6d223b733a373a22726f6c655f6964223b733a313a2232223b7d6b616465735f646174617c613a323a7b733a353a22656d61696c223b733a31353a226b6164657340676d61696c2e636f6d223b733a373a22726f6c655f6964223b733a313a2233223b7d757365725f646174617c613a323a7b733a353a22656d61696c223b733a31343a22656e757940676d61696c2e636f6d223b733a373a22726f6c655f6964223b733a313a2232223b7d),
('nl7i11ld2op23j0pgt24ufhn2ga2e01v', '::1', 1722070276, 0x5f5f63695f6c6173745f726567656e65726174657c693a313732323037303237363b61646d696e5f646174617c613a323a7b733a353a22656d61696c223b733a31353a2261646d696e40676d61696c2e636f6d223b733a373a22726f6c655f6964223b733a313a2232223b7d6b616465735f646174617c613a323a7b733a353a22656d61696c223b733a31353a226b6164657340676d61696c2e636f6d223b733a373a22726f6c655f6964223b733a313a2233223b7d757365725f646174617c613a323a7b733a353a22656d61696c223b733a31343a22656e757940676d61696c2e636f6d223b733a373a22726f6c655f6964223b733a313a2232223b7d),
('nvd4k8ghuannl13ir9c35q7chpm29kvt', '::1', 1722001537, 0x5f5f63695f6c6173745f726567656e65726174657c693a313732323030313533373b61646d696e5f646174617c613a323a7b733a353a22656d61696c223b733a31353a2261646d696e40676d61696c2e636f6d223b733a373a22726f6c655f6964223b733a313a2232223b7d6b616465735f646174617c613a323a7b733a353a22656d61696c223b733a31353a226b6164657340676d61696c2e636f6d223b733a373a22726f6c655f6964223b733a313a2233223b7d757365725f646174617c613a323a7b733a353a22656d61696c223b733a31393a22616c64696c6c61407961686f6f2e636f2e6964223b733a373a22726f6c655f6964223b733a313a2232223b7d),
('o08okt8q0bsiv4j6ui049uc0qpi2dkvd', '::1', 1722072338, 0x5f5f63695f6c6173745f726567656e65726174657c693a313732323037323333383b61646d696e5f646174617c613a323a7b733a353a22656d61696c223b733a31353a2261646d696e40676d61696c2e636f6d223b733a373a22726f6c655f6964223b733a313a2232223b7d6b616465735f646174617c613a323a7b733a353a22656d61696c223b733a31353a226b6164657340676d61696c2e636f6d223b733a373a22726f6c655f6964223b733a313a2233223b7d757365725f646174617c613a323a7b733a353a22656d61696c223b733a31343a22656e757940676d61696c2e636f6d223b733a373a22726f6c655f6964223b733a313a2232223b7d),
('o2m7algll6idr14hu5hv5k48f165ac5q', '::1', 1722410657, 0x5f5f63695f6c6173745f726567656e65726174657c693a313732323431303635373b6b616465735f646174617c613a323a7b733a353a22656d61696c223b733a31353a226b6164657340676d61696c2e636f6d223b733a373a22726f6c655f6964223b733a313a2233223b7d61646d696e5f646174617c613a323a7b733a353a22656d61696c223b733a31353a2261646d696e40676d61696c2e636f6d223b733a373a22726f6c655f6964223b733a313a2232223b7d),
('o5kbir6m3qr1vvueqjmq7sq4ssalerp6', '::1', 1722411553, 0x5f5f63695f6c6173745f726567656e65726174657c693a313732323431313535333b6b616465735f646174617c613a323a7b733a353a22656d61696c223b733a31353a226b6164657340676d61696c2e636f6d223b733a373a22726f6c655f6964223b733a313a2233223b7d61646d696e5f646174617c613a323a7b733a353a22656d61696c223b733a31353a2261646d696e40676d61696c2e636f6d223b733a373a22726f6c655f6964223b733a313a2232223b7d757365725f646174617c613a323a7b733a353a22656d61696c223b733a31363a2274617566696b40676d61696c2e636f6d223b733a373a22726f6c655f6964223b733a313a2232223b7d),
('o628g48noslc2iigv931ilf7n2kq0oem', '::1', 1722054015, 0x5f5f63695f6c6173745f726567656e65726174657c693a313732323035343031353b6b616465735f646174617c613a323a7b733a353a22656d61696c223b733a31353a226b6164657340676d61696c2e636f6d223b733a373a22726f6c655f6964223b733a313a2233223b7d61646d696e5f646174617c613a323a7b733a353a22656d61696c223b733a31353a2261646d696e40676d61696c2e636f6d223b733a373a22726f6c655f6964223b733a313a2232223b7d),
('o6uakdqjmv0enm98hf8tu4oqk9usqsmu', '::1', 1722142557, 0x5f5f63695f6c6173745f726567656e65726174657c693a313732323134323535373b61646d696e5f646174617c613a323a7b733a353a22656d61696c223b733a31353a2261646d696e40676d61696c2e636f6d223b733a373a22726f6c655f6964223b733a313a2232223b7d6b616465735f646174617c613a323a7b733a353a22656d61696c223b733a31353a226b6164657340676d61696c2e636f6d223b733a373a22726f6c655f6964223b733a313a2233223b7d757365725f646174617c613a323a7b733a353a22656d61696c223b733a32323a22616c646964616e64696c6c6140676d61696c2e636f6d223b733a373a22726f6c655f6964223b733a313a2232223b7d),
('o7p1idebmhcqvba2d899kc1bschmn56b', '::1', 1722104373, 0x5f5f63695f6c6173745f726567656e65726174657c693a313732323130343337333b61646d696e5f646174617c613a323a7b733a353a22656d61696c223b733a31353a2261646d696e40676d61696c2e636f6d223b733a373a22726f6c655f6964223b733a313a2232223b7d),
('odvnodqk8l64m0nqol3fgl4qcr1fq859', '::1', 1722074458, 0x5f5f63695f6c6173745f726567656e65726174657c693a313732323037343435383b61646d696e5f646174617c613a323a7b733a353a22656d61696c223b733a31353a2261646d696e40676d61696c2e636f6d223b733a373a22726f6c655f6964223b733a313a2232223b7d6b616465735f646174617c613a323a7b733a353a22656d61696c223b733a31353a226b6164657340676d61696c2e636f6d223b733a373a22726f6c655f6964223b733a313a2233223b7d757365725f646174617c613a323a7b733a353a22656d61696c223b733a31343a22656e757940676d61696c2e636f6d223b733a373a22726f6c655f6964223b733a313a2232223b7d),
('olecs3vnlugjvfmdsnllae2fjkpjl55l', '::1', 1722136921, 0x5f5f63695f6c6173745f726567656e65726174657c693a313732323133363932313b),
('opcn4gf76p90m9emju58nf2h8ogcgkkt', '::1', 1722074766, 0x5f5f63695f6c6173745f726567656e65726174657c693a313732323037343733373b61646d696e5f646174617c613a323a7b733a353a22656d61696c223b733a31353a2261646d696e40676d61696c2e636f6d223b733a373a22726f6c655f6964223b733a313a2232223b7d6b616465735f646174617c613a323a7b733a353a22656d61696c223b733a31353a226b6164657340676d61696c2e636f6d223b733a373a22726f6c655f6964223b733a313a2233223b7d757365725f646174617c613a323a7b733a353a22656d61696c223b733a31343a22656e757940676d61696c2e636f6d223b733a373a22726f6c655f6964223b733a313a2232223b7d),
('opjpj8ro3g4qkfgqh078ppnj64eokqjq', '::1', 1722142494, 0x5f5f63695f6c6173745f726567656e65726174657c693a313732323134323439343b61646d696e5f646174617c613a323a7b733a353a22656d61696c223b733a31353a2261646d696e40676d61696c2e636f6d223b733a373a22726f6c655f6964223b733a313a2232223b7d6b616465735f646174617c613a323a7b733a353a22656d61696c223b733a31353a226b6164657340676d61696c2e636f6d223b733a373a22726f6c655f6964223b733a313a2233223b7d757365725f646174617c613a323a7b733a353a22656d61696c223b733a32323a22616c646964616e64696c6c6140676d61696c2e636f6d223b733a373a22726f6c655f6964223b733a313a2232223b7d),
('osc2knkhulkhr7b83f5kq69ne2lfk73o', '::1', 1722066391, 0x5f5f63695f6c6173745f726567656e65726174657c693a313732323036363339313b6b616465735f646174617c613a323a7b733a353a22656d61696c223b733a31353a226b6164657340676d61696c2e636f6d223b733a373a22726f6c655f6964223b733a313a2233223b7d61646d696e5f646174617c613a323a7b733a353a22656d61696c223b733a31353a2261646d696e40676d61696c2e636f6d223b733a373a22726f6c655f6964223b733a313a2232223b7d757365725f646174617c613a323a7b733a353a22656d61696c223b733a31393a22616c64696c6c61407961686f6f2e636f2e6964223b733a373a22726f6c655f6964223b733a313a2232223b7d),
('otah65iocnrssjsc8qqv3h20q9f76l49', '::1', 1722000135, 0x5f5f63695f6c6173745f726567656e65726174657c693a313732323030303133353b61646d696e5f646174617c613a323a7b733a353a22656d61696c223b733a31353a2261646d696e40676d61696c2e636f6d223b733a373a22726f6c655f6964223b733a313a2232223b7d6b616465735f646174617c613a323a7b733a353a22656d61696c223b733a31353a226b6164657340676d61696c2e636f6d223b733a373a22726f6c655f6964223b733a313a2233223b7d),
('p11p4mq1p8jn100pr65ctuctbsk0mh1l', '::1', 1722140119, 0x5f5f63695f6c6173745f726567656e65726174657c693a313732323134303131393b61646d696e5f646174617c613a323a7b733a353a22656d61696c223b733a31353a2261646d696e40676d61696c2e636f6d223b733a373a22726f6c655f6964223b733a313a2232223b7d),
('p2do600hmv36mknl202d4mg43rgejjqa', '::1', 1722165133, 0x5f5f63695f6c6173745f726567656e65726174657c693a313732323136353133333b6b616465735f646174617c613a323a7b733a353a22656d61696c223b733a31353a226b6164657340676d61696c2e636f6d223b733a373a22726f6c655f6964223b733a313a2233223b7d61646d696e5f646174617c613a323a7b733a353a22656d61696c223b733a31353a2261646d696e40676d61696c2e636f6d223b733a373a22726f6c655f6964223b733a313a2232223b7d757365725f646174617c613a323a7b733a353a22656d61696c223b733a31393a22616c64696c6c61407961686f6f2e636f2e6964223b733a373a22726f6c655f6964223b733a313a2232223b7d),
('p61uvt99thmcf9gl4i467s3iji5lvj7g', '::1', 1722099444, 0x5f5f63695f6c6173745f726567656e65726174657c693a313732323039393434343b61646d696e5f646174617c613a323a7b733a353a22656d61696c223b733a31353a2261646d696e40676d61696c2e636f6d223b733a373a22726f6c655f6964223b733a313a2232223b7d),
('p6n0e6tcbl1bcdn0js5bck46f8spgeoe', '::1', 1721996921, 0x5f5f63695f6c6173745f726567656e65726174657c693a313732313939363932313b6d6573736167657c733a37323a223c64697620636c6173733d22616c65727420616c6572742d64616e6765722220726f6c653d22616c657274223e456d61696c20546964616b205465726461667461723c2f6469763e223b5f5f63695f766172737c613a313a7b733a373a226d657373616765223b733a333a226f6c64223b7d),
('pavm8ldldv55ar7orva6ogo4pad1lh7h', '::1', 1722068953, 0x5f5f63695f6c6173745f726567656e65726174657c693a313732323036383935333b61646d696e5f646174617c613a323a7b733a353a22656d61696c223b733a31353a2261646d696e40676d61696c2e636f6d223b733a373a22726f6c655f6964223b733a313a2232223b7d6b616465735f646174617c613a323a7b733a353a22656d61696c223b733a31353a226b6164657340676d61696c2e636f6d223b733a373a22726f6c655f6964223b733a313a2233223b7d757365725f646174617c613a323a7b733a353a22656d61696c223b733a31343a22656e757940676d61696c2e636f6d223b733a373a22726f6c655f6964223b733a313a2232223b7d),
('pdnq6879gub2p3hiluj5o02cs89ec0tr', '::1', 1722072408, 0x5f5f63695f6c6173745f726567656e65726174657c693a313732323037323430383b61646d696e5f646174617c613a323a7b733a353a22656d61696c223b733a31353a2261646d696e40676d61696c2e636f6d223b733a373a22726f6c655f6964223b733a313a2232223b7d6b616465735f646174617c613a323a7b733a353a22656d61696c223b733a31353a226b6164657340676d61696c2e636f6d223b733a373a22726f6c655f6964223b733a313a2233223b7d757365725f646174617c613a323a7b733a353a22656d61696c223b733a31343a22656e757940676d61696c2e636f6d223b733a373a22726f6c655f6964223b733a313a2232223b7d),
('pecr7bj83lii02c2lfu0q844hr5o609j', '::1', 1722142138, 0x5f5f63695f6c6173745f726567656e65726174657c693a313732323134323133383b61646d696e5f646174617c613a323a7b733a353a22656d61696c223b733a31353a2261646d696e40676d61696c2e636f6d223b733a373a22726f6c655f6964223b733a313a2232223b7d6b616465735f646174617c613a323a7b733a353a22656d61696c223b733a31353a226b6164657340676d61696c2e636f6d223b733a373a22726f6c655f6964223b733a313a2233223b7d757365725f646174617c613a323a7b733a353a22656d61696c223b733a31393a22616c64696c6c61407961686f6f2e636f2e6964223b733a373a22726f6c655f6964223b733a313a2232223b7d),
('pf26dsdqjbo3hkitqh8srirfn4ema03g', '::1', 1722074316, 0x5f5f63695f6c6173745f726567656e65726174657c693a313732323037343331363b61646d696e5f646174617c613a323a7b733a353a22656d61696c223b733a31353a2261646d696e40676d61696c2e636f6d223b733a373a22726f6c655f6964223b733a313a2232223b7d6b616465735f646174617c613a323a7b733a353a22656d61696c223b733a31353a226b6164657340676d61696c2e636f6d223b733a373a22726f6c655f6964223b733a313a2233223b7d757365725f646174617c613a323a7b733a353a22656d61696c223b733a31343a22656e757940676d61696c2e636f6d223b733a373a22726f6c655f6964223b733a313a2232223b7d),
('pghe6bnhlhq3tclo7jkmcr9ph1ju37ib', '::1', 1721997347, 0x5f5f63695f6c6173745f726567656e65726174657c693a313732313939373334373b61646d696e5f646174617c613a323a7b733a353a22656d61696c223b733a31353a2261646d696e40676d61696c2e636f6d223b733a373a22726f6c655f6964223b733a313a2232223b7d6d6573736167657c733a37323a223c64697620636c6173733d22616c65727420616c6572742d64616e6765722220726f6c653d22616c657274223e456d61696c20546964616b205465726461667461723c2f6469763e223b5f5f63695f766172737c613a313a7b733a373a226d657373616765223b733a333a226f6c64223b7d),
('phs8kn8u57jj605fsrcjjijkkhu34ker', '::1', 1722135678, 0x5f5f63695f6c6173745f726567656e65726174657c693a313732323133353637383b),
('pi6ife501o12n5tv5g4421mnpcv5vmlp', '::1', 1722072114, 0x5f5f63695f6c6173745f726567656e65726174657c693a313732323037323131343b61646d696e5f646174617c613a323a7b733a353a22656d61696c223b733a31353a2261646d696e40676d61696c2e636f6d223b733a373a22726f6c655f6964223b733a313a2232223b7d6b616465735f646174617c613a323a7b733a353a22656d61696c223b733a31353a226b6164657340676d61696c2e636f6d223b733a373a22726f6c655f6964223b733a313a2233223b7d757365725f646174617c613a323a7b733a353a22656d61696c223b733a31343a22656e757940676d61696c2e636f6d223b733a373a22726f6c655f6964223b733a313a2232223b7d),
('pimt6nb58u50aj2c3f2jk3ursotg0fqh', '::1', 1721999852, 0x5f5f63695f6c6173745f726567656e65726174657c693a313732313939393835323b61646d696e5f646174617c613a323a7b733a353a22656d61696c223b733a31353a2261646d696e40676d61696c2e636f6d223b733a373a22726f6c655f6964223b733a313a2232223b7d6b616465735f646174617c613a323a7b733a353a22656d61696c223b733a31353a226b6164657340676d61696c2e636f6d223b733a373a22726f6c655f6964223b733a313a2233223b7d),
('pjjq8md31u1n6an1hr6ok7hj1j18dib1', '::1', 1722074128, 0x5f5f63695f6c6173745f726567656e65726174657c693a313732323037343132383b61646d696e5f646174617c613a323a7b733a353a22656d61696c223b733a31353a2261646d696e40676d61696c2e636f6d223b733a373a22726f6c655f6964223b733a313a2232223b7d6b616465735f646174617c613a323a7b733a353a22656d61696c223b733a31353a226b6164657340676d61696c2e636f6d223b733a373a22726f6c655f6964223b733a313a2233223b7d757365725f646174617c613a323a7b733a353a22656d61696c223b733a31343a22656e757940676d61696c2e636f6d223b733a373a22726f6c655f6964223b733a313a2232223b7d),
('pjjvgcs2jj8jnu41qrl81elotm3ek13s', '::1', 1722309099, 0x5f5f63695f6c6173745f726567656e65726174657c693a313732323330393039393b61646d696e5f646174617c613a323a7b733a353a22656d61696c223b733a31353a2261646d696e40676d61696c2e636f6d223b733a373a22726f6c655f6964223b733a313a2232223b7d),
('po30tv52t78qqtsqikutssj6m55if3rf', '::1', 1722137399, 0x5f5f63695f6c6173745f726567656e65726174657c693a313732323133373339393b),
('prcb1s51ufl622h3el0uqqc5rbepvv6g', '::1', 1722138983, 0x5f5f63695f6c6173745f726567656e65726174657c693a313732323133383938333b61646d696e5f646174617c613a323a7b733a353a22656d61696c223b733a31353a2261646d696e40676d61696c2e636f6d223b733a373a22726f6c655f6964223b733a313a2232223b7d),
('prr1nvjsjgn6196s18hrdn2iqij468hm', '::1', 1722231857, 0x5f5f63695f6c6173745f726567656e65726174657c693a313732323233313835373b6b616465735f646174617c613a323a7b733a353a22656d61696c223b733a31353a226b6164657340676d61696c2e636f6d223b733a373a22726f6c655f6964223b733a313a2233223b7d6d6573736167657c733a37373a223c64697620636c6173733d22616c65727420616c6572742d737563636573732220726f6c653d22616c657274223e4461746120426572686173696c20446974616d6261686b616e3c2f6469763e223b5f5f63695f766172737c613a313a7b733a373a226d657373616765223b733a333a226f6c64223b7d),
('pt5c55lvhhn880l4kivna0ebkbl7091c', '::1', 1722097613, 0x5f5f63695f6c6173745f726567656e65726174657c693a313732323039373631333b61646d696e5f646174617c613a323a7b733a353a22656d61696c223b733a31353a2261646d696e40676d61696c2e636f6d223b733a373a22726f6c655f6964223b733a313a2232223b7d),
('q15gljntug2oms98sekkeireslhnfnk3', '::1', 1722142723, 0x5f5f63695f6c6173745f726567656e65726174657c693a313732323134323732333b61646d696e5f646174617c613a323a7b733a353a22656d61696c223b733a31353a2261646d696e40676d61696c2e636f6d223b733a373a22726f6c655f6964223b733a313a2232223b7d6b616465735f646174617c613a323a7b733a353a22656d61696c223b733a31353a226b6164657340676d61696c2e636f6d223b733a373a22726f6c655f6964223b733a313a2233223b7d757365725f646174617c613a323a7b733a353a22656d61696c223b733a32323a22616c646964616e64696c6c6140676d61696c2e636f6d223b733a373a22726f6c655f6964223b733a313a2232223b7d),
('q28bhhp8raudlm5sd51ts0068dcahel4', '::1', 1722139921, 0x5f5f63695f6c6173745f726567656e65726174657c693a313732323133393932313b61646d696e5f646174617c613a323a7b733a353a22656d61696c223b733a31353a2261646d696e40676d61696c2e636f6d223b733a373a22726f6c655f6964223b733a313a2232223b7d),
('q9pfc8fmvhka06vg4tla0sni8q5kq68m', '::1', 1722072182, 0x5f5f63695f6c6173745f726567656e65726174657c693a313732323037323138323b61646d696e5f646174617c613a323a7b733a353a22656d61696c223b733a31353a2261646d696e40676d61696c2e636f6d223b733a373a22726f6c655f6964223b733a313a2232223b7d6b616465735f646174617c613a323a7b733a353a22656d61696c223b733a31353a226b6164657340676d61696c2e636f6d223b733a373a22726f6c655f6964223b733a313a2233223b7d757365725f646174617c613a323a7b733a353a22656d61696c223b733a31343a22656e757940676d61696c2e636f6d223b733a373a22726f6c655f6964223b733a313a2232223b7d),
('q9ucdsc9gbfv8bfvgrh6ijudvtelurjk', '::1', 1722151008, 0x5f5f63695f6c6173745f726567656e65726174657c693a313732323135313030383b61646d696e5f646174617c613a323a7b733a353a22656d61696c223b733a31353a2261646d696e40676d61696c2e636f6d223b733a373a22726f6c655f6964223b733a313a2232223b7d6b616465735f646174617c613a323a7b733a353a22656d61696c223b733a31353a226b6164657340676d61696c2e636f6d223b733a373a22726f6c655f6964223b733a313a2233223b7d757365725f646174617c613a323a7b733a353a22656d61696c223b733a32323a22616c646964616e64696c6c6140676d61696c2e636f6d223b733a373a22726f6c655f6964223b733a313a2232223b7d),
('qa30ssqnai3bq54pjo96djgdjhgesctf', '::1', 1722103326, 0x5f5f63695f6c6173745f726567656e65726174657c693a313732323130333332363b61646d696e5f646174617c613a323a7b733a353a22656d61696c223b733a31353a2261646d696e40676d61696c2e636f6d223b733a373a22726f6c655f6964223b733a313a2232223b7d),
('qcqjp5ufaeku7cm8toa2a8hdrle2r1cc', '::1', 1722139671, 0x5f5f63695f6c6173745f726567656e65726174657c693a313732323133393637313b61646d696e5f646174617c613a323a7b733a353a22656d61696c223b733a31353a2261646d696e40676d61696c2e636f6d223b733a373a22726f6c655f6964223b733a313a2232223b7d),
('qhj74k3u8asg85o8n7m0jaj1k16esn6s', '::1', 1721997707, 0x5f5f63695f6c6173745f726567656e65726174657c693a313732313939373730373b61646d696e5f646174617c613a323a7b733a353a22656d61696c223b733a31353a2261646d696e40676d61696c2e636f6d223b733a373a22726f6c655f6964223b733a313a2232223b7d),
('qhst4lgg5ehjl4kmgj72s6mrjkdh69hc', '::1', 1721997826, 0x5f5f63695f6c6173745f726567656e65726174657c693a313732313939373832363b61646d696e5f646174617c613a323a7b733a353a22656d61696c223b733a31353a2261646d696e40676d61696c2e636f6d223b733a373a22726f6c655f6964223b733a313a2232223b7d6d6573736167657c733a37323a223c64697620636c6173733d22616c65727420616c6572742d64616e6765722220726f6c653d22616c657274223e456d61696c20546964616b205465726461667461723c2f6469763e223b5f5f63695f766172737c613a313a7b733a373a226d657373616765223b733a333a226f6c64223b7d);
INSERT INTO `ci_sessions` (`id`, `ip_address`, `timestamp`, `data`) VALUES
('qklegaev3omi89cvrend90v7t38nbs1o', '::1', 1722232120, 0x5f5f63695f6c6173745f726567656e65726174657c693a313732323233323132303b6b616465735f646174617c613a323a7b733a353a22656d61696c223b733a31353a226b6164657340676d61696c2e636f6d223b733a373a22726f6c655f6964223b733a313a2233223b7d),
('ql53loc5cn8duu3a003q71bgahfsuptr', '::1', 1721999767, 0x5f5f63695f6c6173745f726567656e65726174657c693a313732313939393736373b61646d696e5f646174617c613a323a7b733a353a22656d61696c223b733a31353a2261646d696e40676d61696c2e636f6d223b733a373a22726f6c655f6964223b733a313a2232223b7d6d6573736167657c733a36353a223c64697620636c6173733d22616c65727420616c6572742d64616e6765722220726f6c653d22616c657274223e50617373776f72642053616c61683c2f6469763e223b5f5f63695f766172737c613a313a7b733a373a226d657373616765223b733a333a226f6c64223b7d),
('ql56eu81uqj3v6e3j80gon90rjjb0tu0', '::1', 1722100660, 0x5f5f63695f6c6173745f726567656e65726174657c693a313732323130303636303b61646d696e5f646174617c613a323a7b733a353a22656d61696c223b733a31353a2261646d696e40676d61696c2e636f6d223b733a373a22726f6c655f6964223b733a313a2232223b7d),
('qqrl42pvqncqr45rgcabnq25mc9acn1s', '::1', 1722102274, 0x5f5f63695f6c6173745f726567656e65726174657c693a313732323130323237343b61646d696e5f646174617c613a323a7b733a353a22656d61696c223b733a31353a2261646d696e40676d61696c2e636f6d223b733a373a22726f6c655f6964223b733a313a2232223b7d),
('r52vgmnh66meedpd4m3vu0s1270iq8cu', '::1', 1722140243, 0x5f5f63695f6c6173745f726567656e65726174657c693a313732323134303234333b61646d696e5f646174617c613a323a7b733a353a22656d61696c223b733a31353a2261646d696e40676d61696c2e636f6d223b733a373a22726f6c655f6964223b733a313a2232223b7d),
('r8rb67htksmp0q1qebl0c62fgo3u0db3', '::1', 1722139318, 0x5f5f63695f6c6173745f726567656e65726174657c693a313732323133393331383b61646d696e5f646174617c613a323a7b733a353a22656d61696c223b733a31353a2261646d696e40676d61696c2e636f6d223b733a373a22726f6c655f6964223b733a313a2232223b7d),
('r9vfp4domgjuc1kbefpkfmo1mvhf8ldk', '::1', 1722137941, 0x5f5f63695f6c6173745f726567656e65726174657c693a313732323133373934313b),
('rd106ivdcq9q8lkfe7gkv2oki953uh8r', '::1', 1722135420, 0x5f5f63695f6c6173745f726567656e65726174657c693a313732323133353432303b),
('rejh0anc24dr3m7rfvjkcbfqfq29smtr', '::1', 1722102931, 0x5f5f63695f6c6173745f726567656e65726174657c693a313732323130323933313b61646d696e5f646174617c613a323a7b733a353a22656d61696c223b733a31353a2261646d696e40676d61696c2e636f6d223b733a373a22726f6c655f6964223b733a313a2232223b7d),
('ru7eiiotdn2iel34kijdkmtsulnkhj6r', '::1', 1721998979, 0x5f5f63695f6c6173745f726567656e65726174657c693a313732313939383937393b61646d696e5f646174617c613a323a7b733a353a22656d61696c223b733a31353a2261646d696e40676d61696c2e636f6d223b733a373a22726f6c655f6964223b733a313a2232223b7d6d6573736167657c733a36353a223c64697620636c6173733d22616c65727420616c6572742d64616e6765722220726f6c653d22616c657274223e50617373776f72642053616c61683c2f6469763e223b5f5f63695f766172737c613a313a7b733a373a226d657373616765223b733a333a226f6c64223b7d),
('s19crs880vnfht2asif8jbp7n3vmcde1', '::1', 1722321217, 0x5f5f63695f6c6173745f726567656e65726174657c693a313732323332313137353b61646d696e5f646174617c613a323a7b733a353a22656d61696c223b733a31353a2261646d696e40676d61696c2e636f6d223b733a373a22726f6c655f6964223b733a313a2232223b7d),
('s2urll9haokclgd268nl501alc78kkg8', '::1', 1722101535, 0x5f5f63695f6c6173745f726567656e65726174657c693a313732323130313533353b61646d696e5f646174617c613a323a7b733a353a22656d61696c223b733a31353a2261646d696e40676d61696c2e636f6d223b733a373a22726f6c655f6964223b733a313a2232223b7d),
('s50llimqio3koevkp5btn89so1n0m1u2', '::1', 1722071301, 0x5f5f63695f6c6173745f726567656e65726174657c693a313732323037313330313b61646d696e5f646174617c613a323a7b733a353a22656d61696c223b733a31353a2261646d696e40676d61696c2e636f6d223b733a373a22726f6c655f6964223b733a313a2232223b7d6b616465735f646174617c613a323a7b733a353a22656d61696c223b733a31353a226b6164657340676d61696c2e636f6d223b733a373a22726f6c655f6964223b733a313a2233223b7d757365725f646174617c613a323a7b733a353a22656d61696c223b733a31343a22656e757940676d61696c2e636f6d223b733a373a22726f6c655f6964223b733a313a2232223b7d),
('s9hh96cd8822eja17f7cvfns1a85bvf7', '::1', 1722663924, 0x5f5f63695f6c6173745f726567656e65726174657c693a313732323636333932343b61646d696e5f646174617c613a323a7b733a353a22656d61696c223b733a31353a2261646d696e40676d61696c2e636f6d223b733a373a22726f6c655f6964223b733a313a2232223b7d),
('sco403vn8js8du9e72njacomtpuk55d3', '::1', 1722137335, 0x5f5f63695f6c6173745f726567656e65726174657c693a313732323133373333353b),
('sdr8o4lb7uo1a4bncs4b7fb53hstmui2', '::1', 1722662877, 0x5f5f63695f6c6173745f726567656e65726174657c693a313732323636323837373b61646d696e5f646174617c613a323a7b733a353a22656d61696c223b733a31353a2261646d696e40676d61696c2e636f6d223b733a373a22726f6c655f6964223b733a313a2232223b7d),
('sio8sifnsbd18f6cr500sbl3n2s9o7fl', '::1', 1722067534, 0x5f5f63695f6c6173745f726567656e65726174657c693a313732323036373533343b61646d696e5f646174617c613a323a7b733a353a22656d61696c223b733a31353a2261646d696e40676d61696c2e636f6d223b733a373a22726f6c655f6964223b733a313a2232223b7d6b616465735f646174617c613a323a7b733a353a22656d61696c223b733a31353a226b6164657340676d61696c2e636f6d223b733a373a22726f6c655f6964223b733a313a2233223b7d),
('skl5b8d90kab7tvskd9h8a4ho5s948hi', '::1', 1722066245, 0x5f5f63695f6c6173745f726567656e65726174657c693a313732323036363234353b6b616465735f646174617c613a323a7b733a353a22656d61696c223b733a31353a226b6164657340676d61696c2e636f6d223b733a373a22726f6c655f6964223b733a313a2233223b7d61646d696e5f646174617c613a323a7b733a353a22656d61696c223b733a31353a2261646d696e40676d61696c2e636f6d223b733a373a22726f6c655f6964223b733a313a2232223b7d757365725f646174617c613a323a7b733a353a22656d61696c223b733a31393a22616c64696c6c61407961686f6f2e636f2e6964223b733a373a22726f6c655f6964223b733a313a2232223b7d),
('sopi14eim1c7qj86btfabpd9tt65tubs', '::1', 1722067023, 0x5f5f63695f6c6173745f726567656e65726174657c693a313732323036373032333b61646d696e5f646174617c613a323a7b733a353a22656d61696c223b733a31353a2261646d696e40676d61696c2e636f6d223b733a373a22726f6c655f6964223b733a313a2232223b7d6b616465735f646174617c613a323a7b733a353a22656d61696c223b733a31353a226b6164657340676d61696c2e636f6d223b733a373a22726f6c655f6964223b733a313a2233223b7d),
('srdgbuh2c9hngap4tm72i8op8kdllsf0', '::1', 1722150493, 0x5f5f63695f6c6173745f726567656e65726174657c693a313732323135303439333b61646d696e5f646174617c613a323a7b733a353a22656d61696c223b733a31353a2261646d696e40676d61696c2e636f6d223b733a373a22726f6c655f6964223b733a313a2232223b7d6b616465735f646174617c613a323a7b733a353a22656d61696c223b733a31353a226b6164657340676d61696c2e636f6d223b733a373a22726f6c655f6964223b733a313a2233223b7d757365725f646174617c613a323a7b733a353a22656d61696c223b733a32323a22616c646964616e64696c6c6140676d61696c2e636f6d223b733a373a22726f6c655f6964223b733a313a2232223b7d),
('st98sabk1njs28o841bm8r2r1rk8gm54', '::1', 1722411406, 0x5f5f63695f6c6173745f726567656e65726174657c693a313732323431313430363b6b616465735f646174617c613a323a7b733a353a22656d61696c223b733a31353a226b6164657340676d61696c2e636f6d223b733a373a22726f6c655f6964223b733a313a2233223b7d61646d696e5f646174617c613a323a7b733a353a22656d61696c223b733a31353a2261646d696e40676d61696c2e636f6d223b733a373a22726f6c655f6964223b733a313a2232223b7d),
('sv8cus52qcaff323dqtnse59mrt7a33k', '::1', 1722053878, 0x5f5f63695f6c6173745f726567656e65726174657c693a313732323035333837383b6b616465735f646174617c613a323a7b733a353a22656d61696c223b733a31353a226b6164657340676d61696c2e636f6d223b733a373a22726f6c655f6964223b733a313a2233223b7d61646d696e5f646174617c613a323a7b733a353a22656d61696c223b733a31353a2261646d696e40676d61696c2e636f6d223b733a373a22726f6c655f6964223b733a313a2232223b7d),
('svsvv5st8fcgilrkeugirjbdhf7hrk0a', '::1', 1722102789, 0x5f5f63695f6c6173745f726567656e65726174657c693a313732323130323738393b61646d696e5f646174617c613a323a7b733a353a22656d61696c223b733a31353a2261646d696e40676d61696c2e636f6d223b733a373a22726f6c655f6964223b733a313a2232223b7d),
('t2uflr3dn9isjbssjoes45rfmggruqdc', '::1', 1722104262, 0x5f5f63695f6c6173745f726567656e65726174657c693a313732323130343236323b61646d696e5f646174617c613a323a7b733a353a22656d61696c223b733a31353a2261646d696e40676d61696c2e636f6d223b733a373a22726f6c655f6964223b733a313a2232223b7d6d6573736167657c733a33303a2244617461206b656c7568616e20626572686173696c20646968617075732e223b5f5f63695f766172737c613a313a7b733a373a226d657373616765223b733a333a226f6c64223b7d),
('t6eqquugdv49affpv265nf02nqql7dm7', '::1', 1722103061, 0x5f5f63695f6c6173745f726567656e65726174657c693a313732323130333036313b61646d696e5f646174617c613a323a7b733a353a22656d61696c223b733a31353a2261646d696e40676d61696c2e636f6d223b733a373a22726f6c655f6964223b733a313a2232223b7d6d6573736167657c733a37373a223c64697620636c6173733d22616c65727420616c6572742d737563636573732220726f6c653d22616c657274223e4461746120426572686173696c20446974616d6261686b616e3c2f6469763e223b5f5f63695f766172737c613a313a7b733a373a226d657373616765223b733a333a226f6c64223b7d),
('t7bfpdqmag54iqgnp1rt1mb75cka5d5r', '::1', 1722149360, 0x5f5f63695f6c6173745f726567656e65726174657c693a313732323134393336303b61646d696e5f646174617c613a323a7b733a353a22656d61696c223b733a31353a2261646d696e40676d61696c2e636f6d223b733a373a22726f6c655f6964223b733a313a2232223b7d6b616465735f646174617c613a323a7b733a353a22656d61696c223b733a31353a226b6164657340676d61696c2e636f6d223b733a373a22726f6c655f6964223b733a313a2233223b7d757365725f646174617c613a323a7b733a353a22656d61696c223b733a32323a22616c646964616e64696c6c6140676d61696c2e636f6d223b733a373a22726f6c655f6964223b733a313a2232223b7d),
('taaomn75oh29s605f62lngbc6l5vkg4p', '::1', 1722096287, 0x5f5f63695f6c6173745f726567656e65726174657c693a313732323039363238373b61646d696e5f646174617c613a323a7b733a353a22656d61696c223b733a31353a2261646d696e40676d61696c2e636f6d223b733a373a22726f6c655f6964223b733a313a2232223b7d),
('th63hr9qruc2sfeql7fc33i38gea41e8', '::1', 1722102712, 0x5f5f63695f6c6173745f726567656e65726174657c693a313732323130323731323b61646d696e5f646174617c613a323a7b733a353a22656d61696c223b733a31353a2261646d696e40676d61696c2e636f6d223b733a373a22726f6c655f6964223b733a313a2232223b7d),
('tiqbkaj118qm912qvc5bc37mrduuq6fo', '::1', 1722104782, 0x5f5f63695f6c6173745f726567656e65726174657c693a313732323130343738323b61646d696e5f646174617c613a323a7b733a353a22656d61696c223b733a31353a2261646d696e40676d61696c2e636f6d223b733a373a22726f6c655f6964223b733a313a2232223b7d),
('tnpt39830ajq53bh195ekvr54vt7mq49', '::1', 1722661307, 0x5f5f63695f6c6173745f726567656e65726174657c693a313732323636313330373b61646d696e5f646174617c613a323a7b733a353a22656d61696c223b733a31353a2261646d696e40676d61696c2e636f6d223b733a373a22726f6c655f6964223b733a313a2232223b7d),
('tqde7dtjd2dpdcpa2eingaa6cn3ho0ql', '::1', 1722067148, 0x5f5f63695f6c6173745f726567656e65726174657c693a313732323036373134383b61646d696e5f646174617c613a323a7b733a353a22656d61696c223b733a31353a2261646d696e40676d61696c2e636f6d223b733a373a22726f6c655f6964223b733a313a2232223b7d6b616465735f646174617c613a323a7b733a353a22656d61696c223b733a31353a226b6164657340676d61696c2e636f6d223b733a373a22726f6c655f6964223b733a313a2233223b7d),
('u2lkq2f509g2shie26roprrhbg1n0ndq', '::1', 1722410718, 0x5f5f63695f6c6173745f726567656e65726174657c693a313732323431303731383b6b616465735f646174617c613a323a7b733a353a22656d61696c223b733a31353a226b6164657340676d61696c2e636f6d223b733a373a22726f6c655f6964223b733a313a2233223b7d61646d696e5f646174617c613a323a7b733a353a22656d61696c223b733a31353a2261646d696e40676d61696c2e636f6d223b733a373a22726f6c655f6964223b733a313a2232223b7d),
('u78einnssd5jgf3iti08jb7d5qt3or4a', '::1', 1722409992, 0x5f5f63695f6c6173745f726567656e65726174657c693a313732323430393939323b),
('u87gkbjo2gu40at4b01sdk2o7kt3dih6', '::1', 1722007136, 0x5f5f63695f6c6173745f726567656e65726174657c693a313732323030373133303b61646d696e5f646174617c613a323a7b733a353a22656d61696c223b733a31353a2261646d696e40676d61696c2e636f6d223b733a373a22726f6c655f6964223b733a313a2232223b7d6b616465735f646174617c613a323a7b733a353a22656d61696c223b733a31353a226b6164657340676d61696c2e636f6d223b733a373a22726f6c655f6964223b733a313a2233223b7d757365725f646174617c613a323a7b733a353a22656d61696c223b733a31393a22616c64696c6c61407961686f6f2e636f2e6964223b733a373a22726f6c655f6964223b733a313a2232223b7d),
('ubj1dhe2v0iqrhnicceo6ovnte4c1t27', '::1', 1722139806, 0x5f5f63695f6c6173745f726567656e65726174657c693a313732323133393830363b61646d696e5f646174617c613a323a7b733a353a22656d61696c223b733a31353a2261646d696e40676d61696c2e636f6d223b733a373a22726f6c655f6964223b733a313a2232223b7d),
('udmm0s561pkuk2fqepcubhtilmhsj3bh', '::1', 1722066391, 0x5f5f63695f6c6173745f726567656e65726174657c693a313732323036363339313b6b616465735f646174617c613a323a7b733a353a22656d61696c223b733a31353a226b6164657340676d61696c2e636f6d223b733a373a22726f6c655f6964223b733a313a2233223b7d61646d696e5f646174617c613a323a7b733a353a22656d61696c223b733a31353a2261646d696e40676d61696c2e636f6d223b733a373a22726f6c655f6964223b733a313a2232223b7d757365725f646174617c613a323a7b733a353a22656d61696c223b733a31393a22616c64696c6c61407961686f6f2e636f2e6964223b733a373a22726f6c655f6964223b733a313a2232223b7d),
('ue2qk4ce6i5c2iki9qkqh9al0cho7jug', '::1', 1722072258, 0x5f5f63695f6c6173745f726567656e65726174657c693a313732323037323235383b61646d696e5f646174617c613a323a7b733a353a22656d61696c223b733a31353a2261646d696e40676d61696c2e636f6d223b733a373a22726f6c655f6964223b733a313a2232223b7d6b616465735f646174617c613a323a7b733a353a22656d61696c223b733a31353a226b6164657340676d61696c2e636f6d223b733a373a22726f6c655f6964223b733a313a2233223b7d757365725f646174617c613a323a7b733a353a22656d61696c223b733a31343a22656e757940676d61696c2e636f6d223b733a373a22726f6c655f6964223b733a313a2232223b7d),
('up87t0r23cprfacit6blo1nko4domckm', '::1', 1722138484, 0x5f5f63695f6c6173745f726567656e65726174657c693a313732323133383438343b61646d696e5f646174617c613a323a7b733a353a22656d61696c223b733a31353a2261646d696e40676d61696c2e636f6d223b733a373a22726f6c655f6964223b733a313a2232223b7d),
('upjigrlcu0gag9duh92eu25a4r9u2i33', '::1', 1722101835, 0x5f5f63695f6c6173745f726567656e65726174657c693a313732323130313833353b61646d696e5f646174617c613a323a7b733a353a22656d61696c223b733a31353a2261646d696e40676d61696c2e636f6d223b733a373a22726f6c655f6964223b733a313a2232223b7d),
('uqab844200tfugfma50ppajlfp75obsc', '::1', 1722067936, 0x5f5f63695f6c6173745f726567656e65726174657c693a313732323036373933363b61646d696e5f646174617c613a323a7b733a353a22656d61696c223b733a31353a2261646d696e40676d61696c2e636f6d223b733a373a22726f6c655f6964223b733a313a2232223b7d6b616465735f646174617c613a323a7b733a353a22656d61696c223b733a31353a226b6164657340676d61696c2e636f6d223b733a373a22726f6c655f6964223b733a313a2233223b7d757365725f646174617c613a323a7b733a353a22656d61696c223b733a31343a22656e757940676d61696c2e636f6d223b733a373a22726f6c655f6964223b733a313a2232223b7d),
('v205jsevcevf7ungs8f9k9fufb9j75rd', '::1', 1722141657, 0x5f5f63695f6c6173745f726567656e65726174657c693a313732323134313635373b61646d696e5f646174617c613a323a7b733a353a22656d61696c223b733a31353a2261646d696e40676d61696c2e636f6d223b733a373a22726f6c655f6964223b733a313a2232223b7d6b616465735f646174617c613a323a7b733a353a22656d61696c223b733a31353a226b6164657340676d61696c2e636f6d223b733a373a22726f6c655f6964223b733a313a2233223b7d757365725f646174617c613a323a7b733a353a22656d61696c223b733a31393a22616c64696c6c61407961686f6f2e636f2e6964223b733a373a22726f6c655f6964223b733a313a2232223b7d),
('v319390ffnquu88e6ggk16ip9vpcdoco', '::1', 1722065150, 0x5f5f63695f6c6173745f726567656e65726174657c693a313732323036353135303b6b616465735f646174617c613a323a7b733a353a22656d61696c223b733a31353a226b6164657340676d61696c2e636f6d223b733a373a22726f6c655f6964223b733a313a2233223b7d61646d696e5f646174617c613a323a7b733a353a22656d61696c223b733a31353a2261646d696e40676d61696c2e636f6d223b733a373a22726f6c655f6964223b733a313a2232223b7d757365725f646174617c613a323a7b733a353a22656d61696c223b733a31393a22616c64696c6c61407961686f6f2e636f2e6964223b733a373a22726f6c655f6964223b733a313a2232223b7d),
('v4ti738l2fm11cqcclakume60junggmn', '::1', 1722231946, 0x5f5f63695f6c6173745f726567656e65726174657c693a313732323233313934363b6b616465735f646174617c613a323a7b733a353a22656d61696c223b733a31353a226b6164657340676d61696c2e636f6d223b733a373a22726f6c655f6964223b733a313a2233223b7d),
('v5npek970o594q6u508rmqnvmu9lq0e8', '::1', 1722066950, 0x5f5f63695f6c6173745f726567656e65726174657c693a313732323036363935303b61646d696e5f646174617c613a323a7b733a353a22656d61696c223b733a31353a2261646d696e40676d61696c2e636f6d223b733a373a22726f6c655f6964223b733a313a2232223b7d6b616465735f646174617c613a323a7b733a353a22656d61696c223b733a31353a226b6164657340676d61696c2e636f6d223b733a373a22726f6c655f6964223b733a313a2233223b7d6d6573736167657c733a37343a223c64697620636c6173733d22616c65727420616c6572742d737563636573732220726f6c653d22616c657274223e416e6461205375646168204b656c75617220416b756e3c2f6469763e223b5f5f63695f766172737c613a313a7b733a373a226d657373616765223b733a333a226f6c64223b7d),
('v67r9bghvrms3pr6cfjffto83i2b772j', '::1', 1722007067, 0x5f5f63695f6c6173745f726567656e65726174657c693a313732323030373036373b61646d696e5f646174617c613a323a7b733a353a22656d61696c223b733a31353a2261646d696e40676d61696c2e636f6d223b733a373a22726f6c655f6964223b733a313a2232223b7d6b616465735f646174617c613a323a7b733a353a22656d61696c223b733a31353a226b6164657340676d61696c2e636f6d223b733a373a22726f6c655f6964223b733a313a2233223b7d757365725f646174617c613a323a7b733a353a22656d61696c223b733a31393a22616c64696c6c61407961686f6f2e636f2e6964223b733a373a22726f6c655f6964223b733a313a2232223b7d6d6573736167657c733a37373a223c64697620636c6173733d22616c65727420616c6572742d737563636573732220726f6c653d22616c657274223e4461746120426572686173696c20446974616d6261686b616e3c2f6469763e223b5f5f63695f766172737c613a313a7b733a373a226d657373616765223b733a333a226f6c64223b7d),
('v8gj112gijq972gn2s43r8j2hblkhmib', '::1', 1722101598, 0x5f5f63695f6c6173745f726567656e65726174657c693a313732323130313539383b61646d696e5f646174617c613a323a7b733a353a22656d61696c223b733a31353a2261646d696e40676d61696c2e636f6d223b733a373a22726f6c655f6964223b733a313a2232223b7d),
('vi66h14t6a75b44e2ku3k414473bbv23', '::1', 1722098389, 0x5f5f63695f6c6173745f726567656e65726174657c693a313732323039383338393b61646d696e5f646174617c613a323a7b733a353a22656d61696c223b733a31353a2261646d696e40676d61696c2e636f6d223b733a373a22726f6c655f6964223b733a313a2232223b7d),
('vl492s8rdsuocccp9t17qos5mnrns786', '::1', 1722065399, 0x5f5f63695f6c6173745f726567656e65726174657c693a313732323036353339393b6b616465735f646174617c613a323a7b733a353a22656d61696c223b733a31353a226b6164657340676d61696c2e636f6d223b733a373a22726f6c655f6964223b733a313a2233223b7d61646d696e5f646174617c613a323a7b733a353a22656d61696c223b733a31353a2261646d696e40676d61696c2e636f6d223b733a373a22726f6c655f6964223b733a313a2232223b7d757365725f646174617c613a323a7b733a353a22656d61696c223b733a31393a22616c64696c6c61407961686f6f2e636f2e6964223b733a373a22726f6c655f6964223b733a313a2232223b7d),
('vnm0kqnmfhtudrj3cfeh0lio4f18qvat', '::1', 1722100042, 0x5f5f63695f6c6173745f726567656e65726174657c693a313732323130303034323b61646d696e5f646174617c613a323a7b733a353a22656d61696c223b733a31353a2261646d696e40676d61696c2e636f6d223b733a373a22726f6c655f6964223b733a313a2232223b7d),
('votlcl4bn4qukarfb955m2i6emm4cr6m', '::1', 1722140604, 0x5f5f63695f6c6173745f726567656e65726174657c693a313732323134303630343b61646d696e5f646174617c613a323a7b733a353a22656d61696c223b733a31353a2261646d696e40676d61696c2e636f6d223b733a373a22726f6c655f6964223b733a313a2232223b7d6b616465735f646174617c613a323a7b733a353a22656d61696c223b733a31353a226b6164657340676d61696c2e636f6d223b733a373a22726f6c655f6964223b733a313a2233223b7d757365725f646174617c613a323a7b733a353a22656d61696c223b733a31393a22616c64696c6c61407961686f6f2e636f2e6964223b733a373a22726f6c655f6964223b733a313a2232223b7d6d6573736167657c733a37343a223c64697620636c6173733d22616c65727420616c6572742d737563636573732220726f6c653d22616c657274223e416e6461205375646168204b656c75617220416b756e3c2f6469763e223b5f5f63695f766172737c613a313a7b733a373a226d657373616765223b733a333a226f6c64223b7d);

-- --------------------------------------------------------

--
-- Table structure for table `detail_meninggal`
--

CREATE TABLE `detail_meninggal` (
  `id_detail_meninggal` int(11) NOT NULL,
  `id_penduduk` int(11) NOT NULL,
  `tanggal_kematian` date NOT NULL,
  `tempat_kematian` varchar(50) NOT NULL,
  `tempat_kelahiran` varchar(50) NOT NULL,
  `tanggal_kelahiran` date NOT NULL,
  `keterangan` varchar(500) NOT NULL,
  `status` varchar(25) NOT NULL,
  `status_persetujuan` enum('Disetujui','Tidak Disetujui','Menunggu Persetujuan') DEFAULT 'Menunggu Persetujuan'
) ENGINE=InnoDB DEFAULT CHARSET=utf8mb4 COLLATE=utf8mb4_general_ci;

--
-- Dumping data for table `detail_meninggal`
--

INSERT INTO `detail_meninggal` (`id_detail_meninggal`, `id_penduduk`, `tanggal_kematian`, `tempat_kematian`, `tempat_kelahiran`, `tanggal_kelahiran`, `keterangan`, `status`, `status_persetujuan`) VALUES
(132, 157, '2024-02-01', 'Sungapan', 'Cimareme', '1999-01-01', 'Kanker', '', 'Tidak Disetujui'),
(133, 171, '2024-02-01', 'Cicukang', 'KBB', '1997-02-01', 'Sudah Takdir', '', 'Disetujui'),
(134, 167, '2019-12-12', 'Cicadas', 'KBB', '1995-02-01', 'Kecelakaan', '', 'Disetujui'),
(135, 176, '1232-03-12', '123123', '123123', '1232-03-12', '123123', '', 'Disetujui'),
(138, 177, '1232-03-12', 'asdasd', 'asdasd', '1232-03-12', 'Kecelakaan', '', 'Disetujui');

-- --------------------------------------------------------

--
-- Table structure for table `detail_pindah`
--

CREATE TABLE `detail_pindah` (
  `id_detail_pindah` int(11) NOT NULL,
  `id_penduduk` int(11) NOT NULL,
  `tanggal_pindah` date NOT NULL,
  `alamat_asal` varchar(100) NOT NULL,
  `alamat_tujuan` varchar(100) NOT NULL,
  `alasan_pindah` varchar(50) NOT NULL,
  `status_persetujuan` enum('Disetujui','Tidak Disetujui','Menunggu Persetujuan') DEFAULT 'Menunggu Persetujuan'
) ENGINE=InnoDB DEFAULT CHARSET=utf8mb4 COLLATE=utf8mb4_general_ci;

--
-- Dumping data for table `detail_pindah`
--

INSERT INTO `detail_pindah` (`id_detail_pindah`, `id_penduduk`, `tanggal_pindah`, `alamat_asal`, `alamat_tujuan`, `alasan_pindah`, `status_persetujuan`) VALUES
(42, 158, '2001-10-05', 'bekasi', 'bekasi', 'bau', 'Tidak Disetujui'),
(43, 162, '2001-10-09', 'bekasi', 'bekasi', 'sakit', 'Disetujui'),
(44, 168, '2022-02-01', 'Batujajar', 'Sukamenak', 'Karena Menikah', 'Disetujui'),
(46, 161, '2026-03-16', 'Margahayu, Bandung', 'Batujajar, Bandung Barat', 'Karena Menikah', 'Menunggu Persetujuan'),
(47, 175, '1232-03-12', '123123', '123123', '123123', 'Menunggu Persetujuan'),
(49, 172, '1232-03-12', '123123', '123123', 'Karena Menikah', 'Disetujui'),
(50, 165, '2123-03-12', '123123123', '123123123', '123123123', 'Menunggu Persetujuan');

-- --------------------------------------------------------

--
-- Table structure for table `kades`
--

CREATE TABLE `kades` (
  `id_kades` int(11) NOT NULL,
  `nama` varchar(25) NOT NULL,
  `email` varchar(25) NOT NULL,
  `password` varchar(255) NOT NULL,
  `role_id` int(11) NOT NULL,
  `is_active` int(11) NOT NULL,
  `date_created` int(11) NOT NULL
) ENGINE=InnoDB DEFAULT CHARSET=utf8mb4 COLLATE=utf8mb4_general_ci;

--
-- Dumping data for table `kades`
--

INSERT INTO `kades` (`id_kades`, `nama`, `email`, `password`, `role_id`, `is_active`, `date_created`) VALUES
(1, 'Kepala Desa', 'kades@gmail.com', '$2y$10$Fidpec0fH1ZOa70JBVRoFOwiBUU4cdG0dLq0RqIowCADywW8CCP6q', 3, 1, 1714305267);

-- --------------------------------------------------------

--
-- Table structure for table `keluhan`
--

CREATE TABLE `keluhan` (
  `id_keluhan` int(12) NOT NULL,
  `nama_pengisi` varchar(255) NOT NULL,
  `alamat_pengisi` varchar(255) NOT NULL,
  `telpon_pengisi` varchar(255) NOT NULL,
  `pesan` text NOT NULL
) ENGINE=InnoDB DEFAULT CHARSET=utf8mb4 COLLATE=utf8mb4_general_ci;

--
-- Dumping data for table `keluhan`
--

INSERT INTO `keluhan` (`id_keluhan`, `nama_pengisi`, `alamat_pengisi`, `telpon_pengisi`, `pesan`) VALUES
(1, 'Aldi', 'Galanggang', '08282318254', 'saya sedang mengeluh'),
(2, 'Dilla', 'Galanggang', '0812312412', 'asdasd'),
(13, 'Imam', 'Kop0', '081237126412', 'Pelayanan harap ditingkatkan'),
(14, 'Taufik', 'Cibaligo', '08132128412547', 'Tingkatkan Pelayanan Desa');

-- --------------------------------------------------------

--
-- Table structure for table `kriteria`
--

CREATE TABLE `kriteria` (
  `id_kriteria` int(11) NOT NULL,
  `kode_kriteria` varchar(10) NOT NULL,
  `nama_kriteria` varchar(50) NOT NULL,
  `tipe` enum('Cost','Benefit') NOT NULL,
  `prioritas` float DEFAULT NULL
) ENGINE=InnoDB DEFAULT CHARSET=latin1 COLLATE=latin1_swedish_ci;

--
-- Dumping data for table `kriteria`
--

INSERT INTO `kriteria` (`id_kriteria`, `kode_kriteria`, `nama_kriteria`, `tipe`, `prioritas`) VALUES
(1, 'C01', 'Pekerjaan', 'Benefit', 0.25),
(2, 'C02', 'Bahan Bakar Masak', 'Benefit', 0.25),
(3, 'C03', 'Daya Listrik', 'Benefit', 0.25),
(4, 'C04', 'Status Tinggal', 'Benefit', 0.25);

-- --------------------------------------------------------

--
-- Table structure for table `penduduk`
--

CREATE TABLE `penduduk` (
  `id_penduduk` int(11) NOT NULL,
  `nik` varchar(25) NOT NULL,
  `nama` varchar(40) NOT NULL,
  `tempat_lahir` varchar(25) NOT NULL,
  `tanggal_lahir` date NOT NULL,
  `jenis_kelamin` enum('laki laki','perempuan') NOT NULL,
  `agama` varchar(50) NOT NULL,
  `alamat` varchar(60) NOT NULL,
  `status` enum('Menikah','Belum menikah') NOT NULL,
  `pekerjaan` varchar(50) NOT NULL,
  `rw` varchar(25) NOT NULL,
  `status_mutasi` enum('HIDUP','MENINGGAL','PINDAH') NOT NULL
) ENGINE=InnoDB DEFAULT CHARSET=utf8mb4 COLLATE=utf8mb4_general_ci;

--
-- Dumping data for table `penduduk`
--

INSERT INTO `penduduk` (`id_penduduk`, `nik`, `nama`, `tempat_lahir`, `tanggal_lahir`, `jenis_kelamin`, `agama`, `alamat`, `status`, `pekerjaan`, `rw`, `status_mutasi`) VALUES
(152, '1010111111', 'Aldi', 'Bekasi selatan', '2000-01-21', 'laki laki', 'Islam', 'Jalan Swadaya RT/ RW 03/ 06, Desa Sukamenak, Kecamatan Marga', 'Belum menikah', 'Polisi/Tentara', '1', 'HIDUP'),
(156, '02', 'Nana', 'Hongkong', '2004-10-09', 'laki laki', 'Islam', 'jakarta, jakarta utara', 'Menikah', 'Teknisi', '5', 'HIDUP'),
(157, '1234567890', 'John Doe', 'Jakarta', '1980-05-20', 'laki laki', 'Islam', 'Alamat1', 'Menikah', 'Montir', '1', 'HIDUP'),
(158, '2345678901', 'Jane Doe', 'Bandung', '1985-10-15', 'perempuan', 'Kristen', 'Alamat2', 'Belum menikah', 'Wiraswasta', '2', 'HIDUP'),
(160, '4567890123', 'Emily Johnson', 'Semarang', '1990-07-05', 'perempuan', 'Kristen', 'Alamat4', 'Belum menikah', 'Pelajar/Mahasiswa', '4', 'HIDUP'),
(161, '5678901234', 'William Brown', 'Yogyakarta', '1978-12-30', 'laki laki', 'Islam', 'Alamat5', 'Belum menikah', 'Seniman', '5', 'HIDUP'),
(162, '6789012345', 'Emma Wilson', 'Jakarta', '1987-09-25', 'perempuan', 'Kristen', 'Alamat6', 'Belum menikah', 'Pensiunan', '6', 'HIDUP'),
(163, '7890123456', 'Daniel Taylor', 'Bandung', '1975-01-15', 'laki laki', 'Hindu', 'Alamat7', 'Belum menikah', 'Montir', '7', 'HIDUP'),
(164, '8901234567', 'Olivia Martinez', 'Surabaya', '1983-08-10', 'perempuan', 'Kristen', 'Alamat8', 'Belum menikah', 'Pelajar/Mahasiswa', '8', 'HIDUP'),
(165, '9012345678', 'Alexander Anderson', 'Semarang', '1970-04-05', 'laki laki', 'Islam', 'Alamat9', 'Menikah', 'Polisi/Tentara', '9', 'HIDUP'),
(166, '1123456789', 'Sophia Garcia', 'Yogyakarta', '1989-11-20', 'perempuan', 'Kristen', 'Alamat10', 'Belum menikah', 'Pensiunan', '10', 'HIDUP'),
(167, '91910910923', 'Dono Indro', 'Bekasi', '2001-10-09', 'laki laki', 'Islam', 'Kalimantan', 'Menikah', 'Pensiunan', '4', 'HIDUP'),
(168, '3204090106666664', 'Aldilla', 'Bandung', '2002-12-12', 'perempuan', 'Hindu', 'Bandung', 'Menikah', 'Pengangguran', '17', 'HIDUP'),
(169, '32024012048128', 'Nizar', 'Bandung', '1241-03-12', 'laki laki', 'Islam', 'Bandung', 'Belum menikah', 'Dokter', '1', 'HIDUP'),
(170, '320192389184192', 'Aldilla', 'Makasar', '2012-02-12', 'laki laki', 'Islam', 'Makasar', 'Belum menikah', 'Pilot', '1', 'HIDUP'),
(171, '3201294812974124', 'Amar', 'Bandung Barat', '1997-12-01', 'laki laki', 'Islam', 'Hegarmanah RT 02 RW 05 Desa Galanggang', 'Belum menikah', 'Dll.', '1', 'HIDUP'),
(172, '320409277362812741', 'Muhammad Vertamax', 'Bandung Barat', '2023-03-16', 'laki laki', 'Islam', 'Galanggang', 'Belum menikah', 'Dll.', '5', 'HIDUP'),
(173, '3204090106666664', 'Gabriella Udin', 'Bandung Barat', '2017-01-02', 'perempuan', 'Kristen', 'Pangauban', 'Belum menikah', 'Dll.', '2', 'HIDUP'),
(174, '123123123123', 'Maman Racing', '123123', '1232-03-12', 'perempuan', 'Kristen', '123123', 'Menikah', 'Desainer', '15', 'HIDUP'),
(175, '32024012048128', 'asdasdasd', 'asdasdasd', '1232-03-12', 'perempuan', 'Buddha', '123123', 'Menikah', 'Teknisi', '6', 'HIDUP'),
(176, '3204124981274', 'totong', 'bandung', '2020-12-12', 'laki laki', 'Islam', 'bandeng', 'Menikah', 'Pilot', '14', 'HIDUP'),
(177, '320319241248', 'Sandi', 'asdasd', '1232-03-12', 'perempuan', 'Islam', 'Bandung', 'Menikah', 'Seniman', '1', 'HIDUP');

-- --------------------------------------------------------

--
-- Table structure for table `subkriteria`
--

CREATE TABLE `subkriteria` (
  `id_subkriteria` int(11) NOT NULL,
  `id_kriteria` int(11) NOT NULL,
  `nama_subkriteria` varchar(50) NOT NULL,
  `keterangan` text NOT NULL,
  `prioritas` float DEFAULT NULL
) ENGINE=InnoDB DEFAULT CHARSET=latin1 COLLATE=latin1_swedish_ci;

--
-- Dumping data for table `subkriteria`
--

INSERT INTO `subkriteria` (`id_subkriteria`, `id_kriteria`, `nama_subkriteria`, `keterangan`, `prioritas`) VALUES
(22, 1, 'Pengangguran', '', 1),
(23, 1, 'Buruh', '', 0.55154),
(24, 1, 'Karyawan Swasta', '', 0.30388),
(25, 2, 'Kayu Bakar', '', 1),
(26, 2, 'Minyak Tanah', '', 0.55154),
(27, 2, 'Gas', '', 0.30388),
(28, 3, '450', '', 1),
(29, 3, '900', '', 0.55154),
(30, 3, '1300', '', 0.30388),
(31, 4, 'Tunawisma', '', 1),
(32, 4, 'Sewa', '', 0.55154),
(33, 4, 'Pribadi', '', 0.30388);

-- --------------------------------------------------------

--
-- Table structure for table `user`
--

CREATE TABLE `user` (
  `id` int(11) NOT NULL,
  `name` varchar(128) NOT NULL,
  `email` varchar(128) NOT NULL,
  `password` varchar(256) NOT NULL,
  `role_id` int(11) NOT NULL,
  `is_active` int(11) NOT NULL,
  `date_created` int(11) NOT NULL
) ENGINE=InnoDB DEFAULT CHARSET=utf8mb4 COLLATE=utf8mb4_general_ci;

--
-- Dumping data for table `user`
--

INSERT INTO `user` (`id`, `name`, `email`, `password`, `role_id`, `is_active`, `date_created`) VALUES
(27, 'user', 'user@gmail.com', '$2y$10$uiN1MdNBAu41NJGSISXDyejogjOID607q1ae7RcCgIzf4/vVHE6Ba', 2, 1, 1714304949),
(30, 'dono', 'dono1@gmail.com', '$2y$10$vFQPM0YbSplfvYp6U7nGAuhcBqMgsoTsLnF.ycRJuR8xIvy7Xx65e', 2, 1, 1714305330),
(32, 'Aldi Pratama', 'aldi@gmail.com', '$2y$10$3S5tyChZHtgJ72pIzCvNy.1a/N5SylPW3Pt8eECji6nncsAO0efPm', 2, 1, 1715098009),
(33, 'aldilla', 'aldilla@yahoo.co.id', '$2y$10$8DtqzacAAKBjBFYgfDEK9urK5JMS9UgqzFQkhX2edj2H/FLzPvsLy', 2, 1, 1717049196),
(34, 'nizar', 'nizar@gmail.com', '$2y$10$KTbcce9wZ6/TBRZiKETrKuHPpNn3rfTDyYMicevMxev2uAv7jd1OK', 2, 1, 1718104375),
(36, 'Enuy', 'enuy@gmail.com', '$2y$10$BRdNyHAGHDA/bP/v6Rab2.YHs.Yxr8.1Inz3yJD.UYRywhHKwgEse', 2, 1, 1722067707),
(37, 'Aldi dan Dilla', 'aldidandilla@gmail.com', '$2y$10$zU4MSbvZovO.BUW4H9iWmujARMCEqS7nsi2SLCm062JBuQ2yABHYG', 2, 1, 1722142161),
(38, 'Taufik', 'taufik@gmail.com', '$2y$10$.iBkbHK1AzctydsF5UxMpOGd18D5WZdR.5KZ899iB.gUmmJexPgb6', 2, 1, 1722411483);

-- --------------------------------------------------------

--
-- Table structure for table `user_role`
--

CREATE TABLE `user_role` (
  `id` int(11) NOT NULL,
  `role` varchar(128) NOT NULL
) ENGINE=InnoDB DEFAULT CHARSET=utf8mb4 COLLATE=utf8mb4_general_ci;

--
-- Dumping data for table `user_role`
--

INSERT INTO `user_role` (`id`, `role`) VALUES
(2, 'administrator'),
(3, 'kades'),
(1, 'member');

--
-- Indexes for dumped tables
--

--
-- Indexes for table `admin`
--
ALTER TABLE `admin`
  ADD PRIMARY KEY (`id`),
  ADD KEY `admin_ibfk_1` (`role_id`);

--
-- Indexes for table `alternatif`
--
ALTER TABLE `alternatif`
  ADD PRIMARY KEY (`id_alternatif`) USING BTREE;

--
-- Indexes for table `alternatif_kriteria`
--
ALTER TABLE `alternatif_kriteria`
  ADD PRIMARY KEY (`id`),
  ADD KEY `id_kriteria` (`id_kriteria`),
  ADD KEY `id_alternatif` (`id_alternatif`),
  ADD KEY `id_subkriteria` (`id_subkriteria`);

--
-- Indexes for table `ci_sessions`
--
ALTER TABLE `ci_sessions`
  ADD PRIMARY KEY (`id`),
  ADD KEY `ci_sessions_timestamp` (`timestamp`);

--
-- Indexes for table `detail_meninggal`
--
ALTER TABLE `detail_meninggal`
  ADD PRIMARY KEY (`id_detail_meninggal`),
  ADD UNIQUE KEY `id_penduduk` (`id_penduduk`);

--
-- Indexes for table `detail_pindah`
--
ALTER TABLE `detail_pindah`
  ADD PRIMARY KEY (`id_detail_pindah`),
  ADD UNIQUE KEY `id_penduduk` (`id_penduduk`);

--
-- Indexes for table `kades`
--
ALTER TABLE `kades`
  ADD PRIMARY KEY (`id_kades`),
  ADD KEY `role_id` (`role_id`);

--
-- Indexes for table `keluhan`
--
ALTER TABLE `keluhan`
  ADD PRIMARY KEY (`id_keluhan`);

--
-- Indexes for table `kriteria`
--
ALTER TABLE `kriteria`
  ADD PRIMARY KEY (`id_kriteria`);

--
-- Indexes for table `penduduk`
--
ALTER TABLE `penduduk`
  ADD PRIMARY KEY (`id_penduduk`);

--
-- Indexes for table `subkriteria`
--
ALTER TABLE `subkriteria`
  ADD PRIMARY KEY (`id_subkriteria`),
  ADD KEY `id_kriteria` (`id_kriteria`);

--
-- Indexes for table `user`
--
ALTER TABLE `user`
  ADD PRIMARY KEY (`id`),
  ADD KEY `user_ibfk_1` (`role_id`);

--
-- Indexes for table `user_role`
--
ALTER TABLE `user_role`
  ADD PRIMARY KEY (`id`),
  ADD UNIQUE KEY `role` (`role`);

--
-- AUTO_INCREMENT for dumped tables
--

--
-- AUTO_INCREMENT for table `admin`
--
ALTER TABLE `admin`
  MODIFY `id` int(11) NOT NULL AUTO_INCREMENT, AUTO_INCREMENT=70;

--
-- AUTO_INCREMENT for table `alternatif`
--
ALTER TABLE `alternatif`
  MODIFY `id_alternatif` int(11) NOT NULL AUTO_INCREMENT, AUTO_INCREMENT=36;

--
-- AUTO_INCREMENT for table `alternatif_kriteria`
--
ALTER TABLE `alternatif_kriteria`
  MODIFY `id` int(11) NOT NULL AUTO_INCREMENT, AUTO_INCREMENT=164;

--
-- AUTO_INCREMENT for table `detail_meninggal`
--
ALTER TABLE `detail_meninggal`
  MODIFY `id_detail_meninggal` int(11) NOT NULL AUTO_INCREMENT, AUTO_INCREMENT=139;

--
-- AUTO_INCREMENT for table `detail_pindah`
--
ALTER TABLE `detail_pindah`
  MODIFY `id_detail_pindah` int(11) NOT NULL AUTO_INCREMENT, AUTO_INCREMENT=51;

--
-- AUTO_INCREMENT for table `kades`
--
ALTER TABLE `kades`
  MODIFY `id_kades` int(11) NOT NULL AUTO_INCREMENT, AUTO_INCREMENT=2;

--
-- AUTO_INCREMENT for table `keluhan`
--
ALTER TABLE `keluhan`
  MODIFY `id_keluhan` int(12) NOT NULL AUTO_INCREMENT, AUTO_INCREMENT=15;

--
-- AUTO_INCREMENT for table `kriteria`
--
ALTER TABLE `kriteria`
  MODIFY `id_kriteria` int(11) NOT NULL AUTO_INCREMENT, AUTO_INCREMENT=8;

--
-- AUTO_INCREMENT for table `penduduk`
--
ALTER TABLE `penduduk`
  MODIFY `id_penduduk` int(11) NOT NULL AUTO_INCREMENT, AUTO_INCREMENT=178;

--
-- AUTO_INCREMENT for table `subkriteria`
--
ALTER TABLE `subkriteria`
  MODIFY `id_subkriteria` int(11) NOT NULL AUTO_INCREMENT, AUTO_INCREMENT=44;

--
-- AUTO_INCREMENT for table `user`
--
ALTER TABLE `user`
  MODIFY `id` int(11) NOT NULL AUTO_INCREMENT, AUTO_INCREMENT=39;

--
-- AUTO_INCREMENT for table `user_role`
--
ALTER TABLE `user_role`
  MODIFY `id` int(11) NOT NULL AUTO_INCREMENT, AUTO_INCREMENT=4;

--
-- Constraints for dumped tables
--

--
-- Constraints for table `admin`
--
ALTER TABLE `admin`
  ADD CONSTRAINT `admin_ibfk_1` FOREIGN KEY (`role_id`) REFERENCES `user_role` (`id`);

--
-- Constraints for table `alternatif_kriteria`
--
ALTER TABLE `alternatif_kriteria`
  ADD CONSTRAINT `alternatif_kriteria_ibfk_1` FOREIGN KEY (`id_kriteria`) REFERENCES `kriteria` (`id_kriteria`) ON DELETE CASCADE ON UPDATE CASCADE,
  ADD CONSTRAINT `alternatif_kriteria_ibfk_2` FOREIGN KEY (`id_alternatif`) REFERENCES `alternatif` (`id_alternatif`) ON DELETE CASCADE ON UPDATE CASCADE,
  ADD CONSTRAINT `alternatif_kriteria_ibfk_3` FOREIGN KEY (`id_subkriteria`) REFERENCES `subkriteria` (`id_subkriteria`) ON DELETE SET NULL ON UPDATE CASCADE;

--
-- Constraints for table `detail_meninggal`
--
ALTER TABLE `detail_meninggal`
  ADD CONSTRAINT `detail_meninggal_ibfk_1` FOREIGN KEY (`id_penduduk`) REFERENCES `penduduk` (`id_penduduk`);

--
-- Constraints for table `detail_pindah`
--
ALTER TABLE `detail_pindah`
  ADD CONSTRAINT `detail_pindah_ibfk_1` FOREIGN KEY (`id_penduduk`) REFERENCES `penduduk` (`id_penduduk`);

--
-- Constraints for table `kades`
--
ALTER TABLE `kades`
  ADD CONSTRAINT `kades_ibfk_1` FOREIGN KEY (`role_id`) REFERENCES `user_role` (`id`) ON DELETE CASCADE ON UPDATE CASCADE;

--
-- Constraints for table `subkriteria`
--
ALTER TABLE `subkriteria`
  ADD CONSTRAINT `subkriteria_ibfk_1` FOREIGN KEY (`id_kriteria`) REFERENCES `kriteria` (`id_kriteria`) ON DELETE CASCADE ON UPDATE CASCADE;

--
-- Constraints for table `user`
--
ALTER TABLE `user`
  ADD CONSTRAINT `user_ibfk_1` FOREIGN KEY (`role_id`) REFERENCES `user_role` (`id`);
COMMIT;

/*!40101 SET CHARACTER_SET_CLIENT=@OLD_CHARACTER_SET_CLIENT */;
/*!40101 SET CHARACTER_SET_RESULTS=@OLD_CHARACTER_SET_RESULTS */;
/*!40101 SET COLLATION_CONNECTION=@OLD_COLLATION_CONNECTION */;
