-- phpMyAdmin SQL Dump
-- version 5.2.0
-- https://www.phpmyadmin.net/
--
-- Host: 127.0.0.1
-- Generation Time: Sep 08, 2024 at 05:50 PM
-- Server version: 10.4.27-MariaDB
-- PHP Version: 8.2.0

SET SQL_MODE = "NO_AUTO_VALUE_ON_ZERO";
START TRANSACTION;
SET time_zone = "+00:00";


/*!40101 SET @OLD_CHARACTER_SET_CLIENT=@@CHARACTER_SET_CLIENT */;
/*!40101 SET @OLD_CHARACTER_SET_RESULTS=@@CHARACTER_SET_RESULTS */;
/*!40101 SET @OLD_COLLATION_CONNECTION=@@COLLATION_CONNECTION */;
/*!40101 SET NAMES utf8mb4 */;

--
-- Database: `kependudukan`
--

-- --------------------------------------------------------

--
-- Table structure for table `admin`
--

CREATE TABLE `admin` (
  `id` int(11) NOT NULL,
  `name` varchar(128) NOT NULL,
  `email` varchar(128) NOT NULL,
  `password` varchar(256) NOT NULL,
  `role_id` int(11) NOT NULL,
  `is_active` int(1) NOT NULL,
  `date_created` int(11) NOT NULL
) ENGINE=InnoDB DEFAULT CHARSET=utf8mb4 COLLATE=utf8mb4_general_ci;

--
-- Dumping data for table `admin`
--

INSERT INTO `admin` (`id`, `name`, `email`, `password`, `role_id`, `is_active`, `date_created`) VALUES
(69, 'admin', 'admin@gmail.com', '$2y$10$9PFUpmzvw4CZTQ.ncWE6.uMX4QgZ1XxHIda7cAysPFsfLqrc9krq.', 2, 1, 1714305267);

-- --------------------------------------------------------

--
-- Table structure for table `alternatif`
--

CREATE TABLE `alternatif` (
  `id_alternatif` int(11) NOT NULL,
  `kode_alternatif` varchar(16) NOT NULL,
  `nik` varchar(16) NOT NULL,
  `nama_alternatif` varchar(50) NOT NULL,
  `alamat` varchar(255) NOT NULL
) ENGINE=InnoDB DEFAULT CHARSET=latin1 COLLATE=latin1_swedish_ci;

--
-- Dumping data for table `alternatif`
--

INSERT INTO `alternatif` (`id_alternatif`, `kode_alternatif`, `nik`, `nama_alternatif`, `alamat`) VALUES
(36, '3204091231231123', '', 'Dadang', ''),
(37, '3204091231231121', '', 'Dudung', ''),
(41, '3204091231231122', '', 'Tatang', ''),
(42, '3204091231231124', '', 'Ahmad', '');

-- --------------------------------------------------------

--
-- Table structure for table `alternatif_kriteria`
--

CREATE TABLE `alternatif_kriteria` (
  `id` int(11) NOT NULL,
  `id_alternatif` int(11) NOT NULL,
  `id_kriteria` int(11) NOT NULL,
  `id_subkriteria` int(11) DEFAULT NULL
) ENGINE=InnoDB DEFAULT CHARSET=latin1 COLLATE=latin1_swedish_ci;

--
-- Dumping data for table `alternatif_kriteria`
--

INSERT INTO `alternatif_kriteria` (`id`, `id_alternatif`, `id_kriteria`, `id_subkriteria`) VALUES
(164, 36, 1, 24),
(165, 36, 2, 27),
(166, 36, 3, 29),
(167, 36, 4, 32),
(168, 37, 1, 22),
(169, 37, 2, 27),
(170, 37, 3, 28),
(171, 37, 4, 31),
(184, 41, 1, 23),
(185, 41, 2, 26),
(186, 41, 3, 28),
(187, 41, 4, 32),
(188, 42, 1, 24),
(189, 42, 2, 27),
(190, 42, 3, 29),
(191, 42, 4, 33);

-- --------------------------------------------------------

--
-- Table structure for table `ci_sessions`
--

CREATE TABLE `ci_sessions` (
  `id` varchar(128) NOT NULL,
  `ip_address` varchar(45) NOT NULL,
  `timestamp` int(10) UNSIGNED NOT NULL DEFAULT 0,
  `data` blob NOT NULL
) ENGINE=InnoDB DEFAULT CHARSET=utf8mb4 COLLATE=utf8mb4_general_ci;

--
-- Dumping data for table `ci_sessions`
--

INSERT INTO `ci_sessions` (`id`, `ip_address`, `timestamp`, `data`) VALUES
('0hn0991gq5s9rctcepgkh63pj2fukq8j', '::1', 1725806796, 0x5f5f63695f6c6173745f726567656e65726174657c693a313732353830363739363b6b616465735f646174617c613a323a7b733a353a22656d61696c223b733a31353a226b6164657340676d61696c2e636f6d223b733a373a22726f6c655f6964223b733a313a2233223b7d61646d696e5f646174617c613a323a7b733a353a22656d61696c223b733a31353a2261646d696e40676d61696c2e636f6d223b733a373a22726f6c655f6964223b733a313a2232223b7d),
('0m83h3ejsrj62aserld0629k65mqcej8', '::1', 1725806989, 0x5f5f63695f6c6173745f726567656e65726174657c693a313732353830363938393b6b616465735f646174617c613a323a7b733a353a22656d61696c223b733a31353a226b6164657340676d61696c2e636f6d223b733a373a22726f6c655f6964223b733a313a2233223b7d61646d696e5f646174617c613a323a7b733a353a22656d61696c223b733a31353a2261646d696e40676d61696c2e636f6d223b733a373a22726f6c655f6964223b733a313a2232223b7d),
('17u7girrckp51t4s5q4jbl359mnlh4tl', '::1', 1725806417, 0x5f5f63695f6c6173745f726567656e65726174657c693a313732353830363431373b6b616465735f646174617c613a323a7b733a353a22656d61696c223b733a31353a226b6164657340676d61696c2e636f6d223b733a373a22726f6c655f6964223b733a313a2233223b7d61646d696e5f646174617c613a323a7b733a353a22656d61696c223b733a31353a2261646d696e40676d61696c2e636f6d223b733a373a22726f6c655f6964223b733a313a2232223b7d),
('42fa5tqio7erjf1p9h3cjfgjenrl9tn4', '::1', 1725808400, 0x5f5f63695f6c6173745f726567656e65726174657c693a313732353830383430303b6b616465735f646174617c613a323a7b733a353a22656d61696c223b733a31353a226b6164657340676d61696c2e636f6d223b733a373a22726f6c655f6964223b733a313a2233223b7d61646d696e5f646174617c613a323a7b733a353a22656d61696c223b733a31353a2261646d696e40676d61696c2e636f6d223b733a373a22726f6c655f6964223b733a313a2232223b7d),
('4ec15gffdbgmjofmts99tt5jcckuuid7', '::1', 1725807157, 0x5f5f63695f6c6173745f726567656e65726174657c693a313732353830373135373b6b616465735f646174617c613a323a7b733a353a22656d61696c223b733a31353a226b6164657340676d61696c2e636f6d223b733a373a22726f6c655f6964223b733a313a2233223b7d61646d696e5f646174617c613a323a7b733a353a22656d61696c223b733a31353a2261646d696e40676d61696c2e636f6d223b733a373a22726f6c655f6964223b733a313a2232223b7d),
('4pd81jlfh2u0re31kmpd2j8eqtvr6svf', '::1', 1725806695, 0x5f5f63695f6c6173745f726567656e65726174657c693a313732353830363639353b6b616465735f646174617c613a323a7b733a353a22656d61696c223b733a31353a226b6164657340676d61696c2e636f6d223b733a373a22726f6c655f6964223b733a313a2233223b7d61646d696e5f646174617c613a323a7b733a353a22656d61696c223b733a31353a2261646d696e40676d61696c2e636f6d223b733a373a22726f6c655f6964223b733a313a2232223b7d),
('6iu0ganda811sqm4qmqgb8jn6efmhhec', '::1', 1725806857, 0x5f5f63695f6c6173745f726567656e65726174657c693a313732353830363835373b6b616465735f646174617c613a323a7b733a353a22656d61696c223b733a31353a226b6164657340676d61696c2e636f6d223b733a373a22726f6c655f6964223b733a313a2233223b7d61646d696e5f646174617c613a323a7b733a353a22656d61696c223b733a31353a2261646d696e40676d61696c2e636f6d223b733a373a22726f6c655f6964223b733a313a2232223b7d),
('79565h7gd5s1q2t29pbgce0tscgv76ld', '::1', 1725808302, 0x5f5f63695f6c6173745f726567656e65726174657c693a313732353830383330323b6b616465735f646174617c613a323a7b733a353a22656d61696c223b733a31353a226b6164657340676d61696c2e636f6d223b733a373a22726f6c655f6964223b733a313a2233223b7d61646d696e5f646174617c613a323a7b733a353a22656d61696c223b733a31353a2261646d696e40676d61696c2e636f6d223b733a373a22726f6c655f6964223b733a313a2232223b7d),
('8u0kajo4hf77uds875ugi4ccptmg2mnc', '::1', 1725809154, 0x5f5f63695f6c6173745f726567656e65726174657c693a313732353830393131363b6b616465735f646174617c613a323a7b733a353a22656d61696c223b733a31353a226b6164657340676d61696c2e636f6d223b733a373a22726f6c655f6964223b733a313a2233223b7d61646d696e5f646174617c613a323a7b733a353a22656d61696c223b733a31353a2261646d696e40676d61696c2e636f6d223b733a373a22726f6c655f6964223b733a313a2232223b7d),
('9b928th75b746r8fc0bnsa0vdloin3tf', '::1', 1725805809, 0x5f5f63695f6c6173745f726567656e65726174657c693a313732353830353830393b6b616465735f646174617c613a323a7b733a353a22656d61696c223b733a31353a226b6164657340676d61696c2e636f6d223b733a373a22726f6c655f6964223b733a313a2233223b7d61646d696e5f646174617c613a323a7b733a353a22656d61696c223b733a31353a2261646d696e40676d61696c2e636f6d223b733a373a22726f6c655f6964223b733a313a2232223b7d),
('9nnqp9bpg5t6ggcdt41q51ah44heqc71', '::1', 1725806294, 0x5f5f63695f6c6173745f726567656e65726174657c693a313732353830363239343b6b616465735f646174617c613a323a7b733a353a22656d61696c223b733a31353a226b6164657340676d61696c2e636f6d223b733a373a22726f6c655f6964223b733a313a2233223b7d61646d696e5f646174617c613a323a7b733a353a22656d61696c223b733a31353a2261646d696e40676d61696c2e636f6d223b733a373a22726f6c655f6964223b733a313a2232223b7d),
('a1psvh9g9qcdarqt352u4jr4bbu5ghqq', '::1', 1725806484, 0x5f5f63695f6c6173745f726567656e65726174657c693a313732353830363438343b6b616465735f646174617c613a323a7b733a353a22656d61696c223b733a31353a226b6164657340676d61696c2e636f6d223b733a373a22726f6c655f6964223b733a313a2233223b7d61646d696e5f646174617c613a323a7b733a353a22656d61696c223b733a31353a2261646d696e40676d61696c2e636f6d223b733a373a22726f6c655f6964223b733a313a2232223b7d),
('a9n59snnc3ctlhpgq7gcbmvjd8308rqq', '::1', 1725808517, 0x5f5f63695f6c6173745f726567656e65726174657c693a313732353830383531373b6b616465735f646174617c613a323a7b733a353a22656d61696c223b733a31353a226b6164657340676d61696c2e636f6d223b733a373a22726f6c655f6964223b733a313a2233223b7d61646d696e5f646174617c613a323a7b733a353a22656d61696c223b733a31353a2261646d696e40676d61696c2e636f6d223b733a373a22726f6c655f6964223b733a313a2232223b7d),
('auqar3q0gfps2ip7hktmmir7ndq21qg8', '::1', 1725805363, 0x5f5f63695f6c6173745f726567656e65726174657c693a313732353830353336333b6b616465735f646174617c613a323a7b733a353a22656d61696c223b733a31353a226b6164657340676d61696c2e636f6d223b733a373a22726f6c655f6964223b733a313a2233223b7d61646d696e5f646174617c613a323a7b733a353a22656d61696c223b733a31353a2261646d696e40676d61696c2e636f6d223b733a373a22726f6c655f6964223b733a313a2232223b7d),
('b1crhontcu38fd0auk7a88iac7j15u56', '::1', 1725805485, 0x5f5f63695f6c6173745f726567656e65726174657c693a313732353830353438353b6b616465735f646174617c613a323a7b733a353a22656d61696c223b733a31353a226b6164657340676d61696c2e636f6d223b733a373a22726f6c655f6964223b733a313a2233223b7d61646d696e5f646174617c613a323a7b733a353a22656d61696c223b733a31353a2261646d696e40676d61696c2e636f6d223b733a373a22726f6c655f6964223b733a313a2232223b7d),
('ekktv0u37p0f4toc86b1jq5rihrqmdgo', '::1', 1725808867, 0x5f5f63695f6c6173745f726567656e65726174657c693a313732353830383836373b6b616465735f646174617c613a323a7b733a353a22656d61696c223b733a31353a226b6164657340676d61696c2e636f6d223b733a373a22726f6c655f6964223b733a313a2233223b7d61646d696e5f646174617c613a323a7b733a353a22656d61696c223b733a31353a2261646d696e40676d61696c2e636f6d223b733a373a22726f6c655f6964223b733a313a2232223b7d),
('eqlasiq236ldih4ntu1v9u7056hirfun', '::1', 1725808594, 0x5f5f63695f6c6173745f726567656e65726174657c693a313732353830383539343b6b616465735f646174617c613a323a7b733a353a22656d61696c223b733a31353a226b6164657340676d61696c2e636f6d223b733a373a22726f6c655f6964223b733a313a2233223b7d61646d696e5f646174617c613a323a7b733a353a22656d61696c223b733a31353a2261646d696e40676d61696c2e636f6d223b733a373a22726f6c655f6964223b733a313a2232223b7d),
('hl5srfio1ea1vpc7as4nfndh2gkjencc', '::1', 1725809116, 0x5f5f63695f6c6173745f726567656e65726174657c693a313732353830393131363b6b616465735f646174617c613a323a7b733a353a22656d61696c223b733a31353a226b6164657340676d61696c2e636f6d223b733a373a22726f6c655f6964223b733a313a2233223b7d61646d696e5f646174617c613a323a7b733a353a22656d61696c223b733a31353a2261646d696e40676d61696c2e636f6d223b733a373a22726f6c655f6964223b733a313a2232223b7d),
('j40d4tl2u873hhackhd3kc6bqicv9ele', '::1', 1725808804, 0x5f5f63695f6c6173745f726567656e65726174657c693a313732353830383830343b6b616465735f646174617c613a323a7b733a353a22656d61696c223b733a31353a226b6164657340676d61696c2e636f6d223b733a373a22726f6c655f6964223b733a313a2233223b7d61646d696e5f646174617c613a323a7b733a353a22656d61696c223b733a31353a2261646d696e40676d61696c2e636f6d223b733a373a22726f6c655f6964223b733a313a2232223b7d),
('kh7c8djahgt2ke1vr68lbpjvc6eaab5t', '::1', 1725808133, 0x5f5f63695f6c6173745f726567656e65726174657c693a313732353830383133333b6b616465735f646174617c613a323a7b733a353a22656d61696c223b733a31353a226b6164657340676d61696c2e636f6d223b733a373a22726f6c655f6964223b733a313a2233223b7d61646d696e5f646174617c613a323a7b733a353a22656d61696c223b733a31353a2261646d696e40676d61696c2e636f6d223b733a373a22726f6c655f6964223b733a313a2232223b7d),
('kl4t8k21c0b0acnb11m2k2hhnr4sp136', '::1', 1725805205, 0x5f5f63695f6c6173745f726567656e65726174657c693a313732353830353230353b6b616465735f646174617c613a323a7b733a353a22656d61696c223b733a31353a226b6164657340676d61696c2e636f6d223b733a373a22726f6c655f6964223b733a313a2233223b7d),
('kv1025e6lenlccj6pigipcfiopd22ga6', '::1', 1725805954, 0x5f5f63695f6c6173745f726567656e65726174657c693a313732353830353935343b6b616465735f646174617c613a323a7b733a353a22656d61696c223b733a31353a226b6164657340676d61696c2e636f6d223b733a373a22726f6c655f6964223b733a313a2233223b7d61646d696e5f646174617c613a323a7b733a353a22656d61696c223b733a31353a2261646d696e40676d61696c2e636f6d223b733a373a22726f6c655f6964223b733a313a2232223b7d6d6573736167657c733a37373a223c64697620636c6173733d22616c65727420616c6572742d737563636573732220726f6c653d22616c657274223e4461746120426572686173696c20446974616d6261686b616e3c2f6469763e223b5f5f63695f766172737c613a313a7b733a373a226d657373616765223b733a333a226f6c64223b7d),
('lrqg0arpihu3gj88amd03hlpsf39v0qs', '::1', 1725808238, 0x5f5f63695f6c6173745f726567656e65726174657c693a313732353830383233383b6b616465735f646174617c613a323a7b733a353a22656d61696c223b733a31353a226b6164657340676d61696c2e636f6d223b733a373a22726f6c655f6964223b733a313a2233223b7d61646d696e5f646174617c613a323a7b733a353a22656d61696c223b733a31353a2261646d696e40676d61696c2e636f6d223b733a373a22726f6c655f6964223b733a313a2232223b7d),
('mmoav4o306abhk0fht9l1bfjunqc4qkf', '::1', 1725809027, 0x5f5f63695f6c6173745f726567656e65726174657c693a313732353830393032373b6b616465735f646174617c613a323a7b733a353a22656d61696c223b733a31353a226b6164657340676d61696c2e636f6d223b733a373a22726f6c655f6964223b733a313a2233223b7d61646d696e5f646174617c613a323a7b733a353a22656d61696c223b733a31353a2261646d696e40676d61696c2e636f6d223b733a373a22726f6c655f6964223b733a313a2232223b7d),
('nk72e6hdt1giccm06h3901u5kmj2jf7d', '::1', 1725805885, 0x5f5f63695f6c6173745f726567656e65726174657c693a313732353830353838353b6b616465735f646174617c613a323a7b733a353a22656d61696c223b733a31353a226b6164657340676d61696c2e636f6d223b733a373a22726f6c655f6964223b733a313a2233223b7d61646d696e5f646174617c613a323a7b733a353a22656d61696c223b733a31353a2261646d696e40676d61696c2e636f6d223b733a373a22726f6c655f6964223b733a313a2232223b7d),
('pqs6tjgp0lfllg3iuipm0q6jbioq32ag', '::1', 1725806921, 0x5f5f63695f6c6173745f726567656e65726174657c693a313732353830363932313b6b616465735f646174617c613a323a7b733a353a22656d61696c223b733a31353a226b6164657340676d61696c2e636f6d223b733a373a22726f6c655f6964223b733a313a2233223b7d61646d696e5f646174617c613a323a7b733a353a22656d61696c223b733a31353a2261646d696e40676d61696c2e636f6d223b733a373a22726f6c655f6964223b733a313a2232223b7d),
('puqrkgkq57uk2r1bitbrtd9r9arvogdn', '::1', 1725804972, 0x5f5f63695f6c6173745f726567656e65726174657c693a313732353830343937323b),
('qoagt44ui5r296rfoed0dljqrlq9lggt', '::1', 1725806017, 0x5f5f63695f6c6173745f726567656e65726174657c693a313732353830363031373b6b616465735f646174617c613a323a7b733a353a22656d61696c223b733a31353a226b6164657340676d61696c2e636f6d223b733a373a22726f6c655f6964223b733a313a2233223b7d61646d696e5f646174617c613a323a7b733a353a22656d61696c223b733a31353a2261646d696e40676d61696c2e636f6d223b733a373a22726f6c655f6964223b733a313a2232223b7d),
('r70gptrhc1v1t6j8uobcd2d6aab4mo80', '::1', 1725808693, 0x5f5f63695f6c6173745f726567656e65726174657c693a313732353830383639333b6b616465735f646174617c613a323a7b733a353a22656d61696c223b733a31353a226b6164657340676d61696c2e636f6d223b733a373a22726f6c655f6964223b733a313a2233223b7d61646d696e5f646174617c613a323a7b733a353a22656d61696c223b733a31353a2261646d696e40676d61696c2e636f6d223b733a373a22726f6c655f6964223b733a313a2232223b7d),
('s2fchicmcqvvumu6ku4sfsb52ar49v5s', '::1', 1725805734, 0x5f5f63695f6c6173745f726567656e65726174657c693a313732353830353733343b6b616465735f646174617c613a323a7b733a353a22656d61696c223b733a31353a226b6164657340676d61696c2e636f6d223b733a373a22726f6c655f6964223b733a313a2233223b7d61646d696e5f646174617c613a323a7b733a353a22656d61696c223b733a31353a2261646d696e40676d61696c2e636f6d223b733a373a22726f6c655f6964223b733a313a2232223b7d6d6573736167657c733a38353a223c64697620636c6173733d22616c65727420616c6572742d64616e6765722220726f6c653d22616c657274223e4e494b2042756b616e2050656e647564756b20446573612047616c616e6767616e673c2f6469763e223b5f5f63695f766172737c613a313a7b733a373a226d657373616765223b733a333a226f6c64223b7d),
('sbb3p7v65oltk87qk7gnub6m6gkplnbd', '::1', 1725805118, 0x5f5f63695f6c6173745f726567656e65726174657c693a313732353830353131383b6b616465735f646174617c613a323a7b733a353a22656d61696c223b733a31353a226b6164657340676d61696c2e636f6d223b733a373a22726f6c655f6964223b733a313a2233223b7d),
('sfropghalfv9t020gu1c9jjrd9k4sctu', '::1', 1725805273, 0x5f5f63695f6c6173745f726567656e65726174657c693a313732353830353237333b6b616465735f646174617c613a323a7b733a353a22656d61696c223b733a31353a226b6164657340676d61696c2e636f6d223b733a373a22726f6c655f6964223b733a313a2233223b7d),
('thu47qhqlh6ual9jt84ukrdlect9hth8', '::1', 1725807339, 0x5f5f63695f6c6173745f726567656e65726174657c693a313732353830373333393b6b616465735f646174617c613a323a7b733a353a22656d61696c223b733a31353a226b6164657340676d61696c2e636f6d223b733a373a22726f6c655f6964223b733a313a2233223b7d61646d696e5f646174617c613a323a7b733a353a22656d61696c223b733a31353a2261646d696e40676d61696c2e636f6d223b733a373a22726f6c655f6964223b733a313a2232223b7d),
('tr71jcbm77qu7n4tnahinst3p12obec4', '::1', 1725807405, 0x5f5f63695f6c6173745f726567656e65726174657c693a313732353830373430353b6b616465735f646174617c613a323a7b733a353a22656d61696c223b733a31353a226b6164657340676d61696c2e636f6d223b733a373a22726f6c655f6964223b733a313a2233223b7d61646d696e5f646174617c613a323a7b733a353a22656d61696c223b733a31353a2261646d696e40676d61696c2e636f6d223b733a373a22726f6c655f6964223b733a313a2232223b7d),
('v5cigcnce4e0c9u0od41qlcnrvjhaq3d', '::1', 1725806589, 0x5f5f63695f6c6173745f726567656e65726174657c693a313732353830363538393b6b616465735f646174617c613a323a7b733a353a22656d61696c223b733a31353a226b6164657340676d61696c2e636f6d223b733a373a22726f6c655f6964223b733a313a2233223b7d61646d696e5f646174617c613a323a7b733a353a22656d61696c223b733a31353a2261646d696e40676d61696c2e636f6d223b733a373a22726f6c655f6964223b733a313a2232223b7d),
('vkrh6qcua3ngti5lg89btg8qcaoa4rpf', '::1', 1725808956, 0x5f5f63695f6c6173745f726567656e65726174657c693a313732353830383935363b6b616465735f646174617c613a323a7b733a353a22656d61696c223b733a31353a226b6164657340676d61696c2e636f6d223b733a373a22726f6c655f6964223b733a313a2233223b7d61646d696e5f646174617c613a323a7b733a353a22656d61696c223b733a31353a2261646d696e40676d61696c2e636f6d223b733a373a22726f6c655f6964223b733a313a2232223b7d);

-- --------------------------------------------------------

--
-- Table structure for table `detail_meninggal`
--

CREATE TABLE `detail_meninggal` (
  `id_detail_meninggal` int(11) NOT NULL,
  `id_penduduk` int(11) NOT NULL,
  `tanggal_kematian` date NOT NULL,
  `tempat_kematian` varchar(50) NOT NULL,
  `tempat_kelahiran` varchar(50) NOT NULL,
  `tanggal_kelahiran` date NOT NULL,
  `keterangan` varchar(500) NOT NULL,
  `status` varchar(25) NOT NULL,
  `status_persetujuan` enum('Disetujui','Tidak Disetujui','Menunggu Persetujuan') DEFAULT 'Menunggu Persetujuan'
) ENGINE=InnoDB DEFAULT CHARSET=utf8mb4 COLLATE=utf8mb4_general_ci;

--
-- Dumping data for table `detail_meninggal`
--

INSERT INTO `detail_meninggal` (`id_detail_meninggal`, `id_penduduk`, `tanggal_kematian`, `tempat_kematian`, `tempat_kelahiran`, `tanggal_kelahiran`, `keterangan`, `status`, `status_persetujuan`) VALUES
(148, 193, '1231-03-12', 'Ciherang', 'Bandung', '1231-03-12', 'Tidur di trotoar', '', 'Disetujui');

-- --------------------------------------------------------

--
-- Table structure for table `detail_pindah`
--

CREATE TABLE `detail_pindah` (
  `id_detail_pindah` int(11) NOT NULL,
  `id_penduduk` int(11) NOT NULL,
  `tanggal_pindah` date NOT NULL,
  `alamat_asal` varchar(100) NOT NULL,
  `alamat_tujuan` varchar(100) NOT NULL,
  `alasan_pindah` varchar(50) NOT NULL,
  `status_persetujuan` enum('Disetujui','Tidak Disetujui','Menunggu Persetujuan') DEFAULT 'Menunggu Persetujuan'
) ENGINE=InnoDB DEFAULT CHARSET=utf8mb4 COLLATE=utf8mb4_general_ci;

--
-- Dumping data for table `detail_pindah`
--

INSERT INTO `detail_pindah` (`id_detail_pindah`, `id_penduduk`, `tanggal_pindah`, `alamat_asal`, `alamat_tujuan`, `alasan_pindah`, `status_persetujuan`) VALUES
(52, 180, '2024-02-03', 'Galanggang', 'Sukamenak', 'Karena Menikah', 'Disetujui'),
(53, 181, '1231-03-12', 'Margahayu, Bandung', 'Batujajar, Bandung Barat', 'Karena Menikah', 'Disetujui'),
(56, 190, '3213-12-12', '123123123', '123123123', '12312312', 'Disetujui');

-- --------------------------------------------------------

--
-- Table structure for table `kades`
--

CREATE TABLE `kades` (
  `id_kades` int(11) NOT NULL,
  `nama` varchar(25) NOT NULL,
  `email` varchar(25) NOT NULL,
  `password` varchar(255) NOT NULL,
  `role_id` int(11) NOT NULL,
  `is_active` int(11) NOT NULL,
  `date_created` int(11) NOT NULL
) ENGINE=InnoDB DEFAULT CHARSET=utf8mb4 COLLATE=utf8mb4_general_ci;

--
-- Dumping data for table `kades`
--

INSERT INTO `kades` (`id_kades`, `nama`, `email`, `password`, `role_id`, `is_active`, `date_created`) VALUES
(1, 'Kepala Desa', 'kades@gmail.com', '$2y$10$Fidpec0fH1ZOa70JBVRoFOwiBUU4cdG0dLq0RqIowCADywW8CCP6q', 3, 1, 1714305267);

-- --------------------------------------------------------

--
-- Table structure for table `keluhan`
--

CREATE TABLE `keluhan` (
  `id_keluhan` int(12) NOT NULL,
  `nama_pengisi` varchar(255) NOT NULL,
  `alamat_pengisi` varchar(255) NOT NULL,
  `telpon_pengisi` varchar(255) NOT NULL,
  `pesan` text NOT NULL
) ENGINE=InnoDB DEFAULT CHARSET=utf8mb4 COLLATE=utf8mb4_general_ci;

--
-- Dumping data for table `keluhan`
--

INSERT INTO `keluhan` (`id_keluhan`, `nama_pengisi`, `alamat_pengisi`, `telpon_pengisi`, `pesan`) VALUES
(1, 'Aldi', 'Galanggang', '08282318254', 'saya sedang mengeluh'),
(2, 'Dilla', 'Galanggang', '0812312412', 'asdasd'),
(13, 'Imam', 'Kop0', '081237126412', 'Pelayanan harap ditingkatkan'),
(14, 'Taufik', 'Cibaligo', '08132128412547', 'Tingkatkan Pelayanan Desa');

-- --------------------------------------------------------

--
-- Table structure for table `kriteria`
--

CREATE TABLE `kriteria` (
  `id_kriteria` int(11) NOT NULL,
  `kode_kriteria` varchar(10) NOT NULL,
  `nama_kriteria` varchar(50) NOT NULL,
  `tipe` enum('Cost','Benefit') NOT NULL,
  `prioritas` float DEFAULT NULL
) ENGINE=InnoDB DEFAULT CHARSET=latin1 COLLATE=latin1_swedish_ci;

--
-- Dumping data for table `kriteria`
--

INSERT INTO `kriteria` (`id_kriteria`, `kode_kriteria`, `nama_kriteria`, `tipe`, `prioritas`) VALUES
(1, 'C01', 'Pekerjaan', 'Benefit', 0.25),
(2, 'C02', 'Bahan Bakar Masak', 'Benefit', 0.25),
(3, 'C03', 'Daya Listrik', 'Benefit', 0.25),
(4, 'C04', 'Status Tinggal', 'Benefit', 0.25);

-- --------------------------------------------------------

--
-- Table structure for table `penduduk`
--

CREATE TABLE `penduduk` (
  `id_penduduk` int(11) NOT NULL,
  `nik` varchar(25) NOT NULL,
  `nama` varchar(40) NOT NULL,
  `tempat_lahir` varchar(25) NOT NULL,
  `tanggal_lahir` date NOT NULL,
  `jenis_kelamin` enum('laki laki','perempuan') NOT NULL,
  `agama` varchar(50) NOT NULL,
  `alamat` varchar(60) NOT NULL,
  `status` enum('Menikah','Belum menikah') NOT NULL,
  `pekerjaan` varchar(50) NOT NULL,
  `rw` varchar(25) NOT NULL,
  `status_mutasi` enum('HIDUP','MENINGGAL','PINDAH') NOT NULL
) ENGINE=InnoDB DEFAULT CHARSET=utf8mb4 COLLATE=utf8mb4_general_ci;

--
-- Dumping data for table `penduduk`
--

INSERT INTO `penduduk` (`id_penduduk`, `nik`, `nama`, `tempat_lahir`, `tanggal_lahir`, `jenis_kelamin`, `agama`, `alamat`, `status`, `pekerjaan`, `rw`, `status_mutasi`) VALUES
(180, '3217091508800008', 'AGUS SUKANDAR', 'BANDUNG', '1980-08-18', 'laki laki', 'Islam', 'JL. HEGARMANAH, KP. RANCATIIS', 'Menikah', 'Buruh', '5', 'HIDUP'),
(181, '3217095107880014', 'AI IRA ROSMAWATI', 'BANDUNG', '1986-07-11', 'perempuan', 'Islam', 'JL. HEGARMANAH, KP. RANCATIIS', 'Menikah', 'Dll.', '5', 'HIDUP'),
(183, '3217090801070004', 'ANGGYRA SUKANDAR', 'BANDUNG', '2007-01-08', 'laki laki', 'Islam', 'JL. HEGARMANAH, KP. RANCATIIS', 'Belum menikah', 'Pelajar/Mahasiswa', '5', 'HIDUP'),
(184, '3217096502160001', 'NAZMA NUR HAFIDZA', 'BANDUNG', '2015-02-25', 'perempuan', 'Islam', 'JL. HEGARMANAH, KP. RANCATIIS', 'Belum menikah', 'Pelajar/Mahasiswa', '5', 'HIDUP'),
(185, '3217092804780008', 'ROSADI', 'CIMAHI', '1975-05-28', 'laki laki', 'Islam', 'JL. HEGARMANAH, KP. RANCATIIS', 'Menikah', 'Buruh', '5', 'HIDUP'),
(186, '3217094706780010', 'NURJAMILAH', 'BANDUNG', '1975-06-07', 'perempuan', 'Islam', 'JL. HEGARMANAH, KP. RANCATIIS', 'Menikah', 'Dll.', '5', 'HIDUP'),
(187, '3217096512040003', 'RIFA SALMA DZAIKRA', 'BANDUNG', '2004-12-25', 'perempuan', 'Islam', 'JL. HEGARMANAH, KP. RANCATIIS', 'Belum menikah', 'Karyawan Swasta', '5', 'HIDUP'),
(188, '3217092802060004', 'UEP AHMAD ROHANA', 'BANDUNG', '1963-02-20', 'laki laki', 'Islam', 'JL. HEGARMANAH, KP. RANCATIIS', 'Menikah', 'Pensiunan', '5', 'HIDUP'),
(189, '3217094401830004', 'EEN BADRIAH', 'BANDUNG', '1963-01-04', 'perempuan', 'Islam', 'JL. HEGARMANAH, KP. RANCATIIS', 'Menikah', 'Dll.', '5', 'HIDUP'),
(190, '3217092612910003', 'ERVAN KURNIAWAN', 'BANDUNG', '1991-12-25', 'laki laki', 'Islam', 'JL. HEGARMANAH, KP. RANCATIIS', 'Belum menikah', 'Buruh', '5', 'HIDUP'),
(191, '3217094805000001', 'RISHA NUR AMELIA', 'BANDUNG', '2000-05-08', 'perempuan', 'Islam', 'JL. HEGARMANAH, KP. RANCATIIS', 'Belum menikah', 'Pelajar/Mahasiswa', '5', 'HIDUP'),
(192, '3273220206860006', 'ALI MARDANI', 'PADANG', '1990-05-02', 'laki laki', 'Islam', 'JL. HEGARMANAH, KP. RANCATIIS', 'Menikah', 'Wiraswasta', '5', 'HIDUP'),
(193, '3217096110910003', 'AAM AMRILLAH', 'BANDUNG', '1991-10-21', 'perempuan', 'Islam', 'JL. HEGARMANAH, KP. RANCATIIS', 'Menikah', 'Dll.', '5', 'HIDUP'),
(194, '3217096007160001', 'HANIFATUL HASNA', 'BANDUNG BARAT', '2018-07-20', 'perempuan', 'Islam', 'JL. HEGARMANAH, KP. RANCATIIS', 'Belum menikah', 'Pelajar/Mahasiswa', '5', 'HIDUP'),
(195, '3217090309180001', 'ABDURRAHMAN UWAIS', 'BANDUNG', '2019-09-03', 'laki laki', 'Islam', 'JL. HEGARMANAH, KP. RANCATIIS', 'Belum menikah', 'Pelajar/Mahasiswa', '5', 'HIDUP'),
(196, '3217096510040013', 'RAMA PARADITA', 'MEDAN', '2004-10-25', 'laki laki', 'Islam', 'JL. HEGARMANAH, KP. RANCATIIS', 'Belum menikah', 'Pelajar/Mahasiswa', '5', 'HIDUP');

-- --------------------------------------------------------

--
-- Table structure for table `subkriteria`
--

CREATE TABLE `subkriteria` (
  `id_subkriteria` int(11) NOT NULL,
  `id_kriteria` int(11) NOT NULL,
  `nama_subkriteria` varchar(50) NOT NULL,
  `keterangan` text NOT NULL,
  `prioritas` float DEFAULT NULL
) ENGINE=InnoDB DEFAULT CHARSET=latin1 COLLATE=latin1_swedish_ci;

--
-- Dumping data for table `subkriteria`
--

INSERT INTO `subkriteria` (`id_subkriteria`, `id_kriteria`, `nama_subkriteria`, `keterangan`, `prioritas`) VALUES
(22, 1, 'Pengangguran', '', 1),
(23, 1, 'Buruh', '', 0.55154),
(24, 1, 'Karyawan Swasta', '', 0.30388),
(25, 2, 'Kayu Bakar', '', 1),
(26, 2, 'Minyak Tanah', '', 0.55154),
(27, 2, 'Gas', '', 0.30388),
(28, 3, '450', '', 1),
(29, 3, '900', '', 0.55154),
(30, 3, '1300', '', 0.30388),
(31, 4, 'Tunawisma', '', 1),
(32, 4, 'Sewa', '', 0.55154),
(33, 4, 'Pribadi', '', 0.30388);

-- --------------------------------------------------------

--
-- Table structure for table `user`
--

CREATE TABLE `user` (
  `id` int(11) NOT NULL,
  `name` varchar(128) NOT NULL,
  `email` varchar(128) NOT NULL,
  `password` varchar(256) NOT NULL,
  `role_id` int(11) NOT NULL,
  `is_active` int(11) NOT NULL,
  `date_created` int(11) NOT NULL
) ENGINE=InnoDB DEFAULT CHARSET=utf8mb4 COLLATE=utf8mb4_general_ci;

--
-- Dumping data for table `user`
--

INSERT INTO `user` (`id`, `name`, `email`, `password`, `role_id`, `is_active`, `date_created`) VALUES
(27, 'user', 'user@gmail.com', '$2y$10$uiN1MdNBAu41NJGSISXDyejogjOID607q1ae7RcCgIzf4/vVHE6Ba', 2, 1, 1714304949),
(33, 'aldilla', 'aldilla@yahoo.co.id', '$2y$10$8DtqzacAAKBjBFYgfDEK9urK5JMS9UgqzFQkhX2edj2H/FLzPvsLy', 2, 1, 1717049196),
(39, 'Rifa Salma Dzaikra', 'rifasalma@gmail.com', '$2y$10$OQSIhyci2Cue0BIT55NcH.XSmHTcJ/bKK.uuVfRt6.UiyV5/P..8i', 2, 1, 1724227921);

-- --------------------------------------------------------

--
-- Table structure for table `user_role`
--

CREATE TABLE `user_role` (
  `id` int(11) NOT NULL,
  `role` varchar(128) NOT NULL
) ENGINE=InnoDB DEFAULT CHARSET=utf8mb4 COLLATE=utf8mb4_general_ci;

--
-- Dumping data for table `user_role`
--

INSERT INTO `user_role` (`id`, `role`) VALUES
(2, 'administrator'),
(3, 'kades'),
(1, 'member');

--
-- Indexes for dumped tables
--

--
-- Indexes for table `admin`
--
ALTER TABLE `admin`
  ADD PRIMARY KEY (`id`),
  ADD KEY `admin_ibfk_1` (`role_id`);

--
-- Indexes for table `alternatif`
--
ALTER TABLE `alternatif`
  ADD PRIMARY KEY (`id_alternatif`) USING BTREE;

--
-- Indexes for table `alternatif_kriteria`
--
ALTER TABLE `alternatif_kriteria`
  ADD PRIMARY KEY (`id`),
  ADD KEY `id_kriteria` (`id_kriteria`),
  ADD KEY `id_alternatif` (`id_alternatif`),
  ADD KEY `id_subkriteria` (`id_subkriteria`);

--
-- Indexes for table `ci_sessions`
--
ALTER TABLE `ci_sessions`
  ADD PRIMARY KEY (`id`),
  ADD KEY `ci_sessions_timestamp` (`timestamp`);

--
-- Indexes for table `detail_meninggal`
--
ALTER TABLE `detail_meninggal`
  ADD PRIMARY KEY (`id_detail_meninggal`),
  ADD UNIQUE KEY `id_penduduk` (`id_penduduk`);

--
-- Indexes for table `detail_pindah`
--
ALTER TABLE `detail_pindah`
  ADD PRIMARY KEY (`id_detail_pindah`),
  ADD UNIQUE KEY `id_penduduk` (`id_penduduk`);

--
-- Indexes for table `kades`
--
ALTER TABLE `kades`
  ADD PRIMARY KEY (`id_kades`),
  ADD KEY `role_id` (`role_id`);

--
-- Indexes for table `keluhan`
--
ALTER TABLE `keluhan`
  ADD PRIMARY KEY (`id_keluhan`);

--
-- Indexes for table `kriteria`
--
ALTER TABLE `kriteria`
  ADD PRIMARY KEY (`id_kriteria`);

--
-- Indexes for table `penduduk`
--
ALTER TABLE `penduduk`
  ADD PRIMARY KEY (`id_penduduk`),
  ADD KEY `nik` (`nik`);

--
-- Indexes for table `subkriteria`
--
ALTER TABLE `subkriteria`
  ADD PRIMARY KEY (`id_subkriteria`),
  ADD KEY `id_kriteria` (`id_kriteria`);

--
-- Indexes for table `user`
--
ALTER TABLE `user`
  ADD PRIMARY KEY (`id`),
  ADD KEY `user_ibfk_1` (`role_id`);

--
-- Indexes for table `user_role`
--
ALTER TABLE `user_role`
  ADD PRIMARY KEY (`id`),
  ADD UNIQUE KEY `role` (`role`);

--
-- AUTO_INCREMENT for dumped tables
--

--
-- AUTO_INCREMENT for table `admin`
--
ALTER TABLE `admin`
  MODIFY `id` int(11) NOT NULL AUTO_INCREMENT, AUTO_INCREMENT=70;

--
-- AUTO_INCREMENT for table `alternatif`
--
ALTER TABLE `alternatif`
  MODIFY `id_alternatif` int(11) NOT NULL AUTO_INCREMENT, AUTO_INCREMENT=50;

--
-- AUTO_INCREMENT for table `alternatif_kriteria`
--
ALTER TABLE `alternatif_kriteria`
  MODIFY `id` int(11) NOT NULL AUTO_INCREMENT, AUTO_INCREMENT=220;

--
-- AUTO_INCREMENT for table `detail_meninggal`
--
ALTER TABLE `detail_meninggal`
  MODIFY `id_detail_meninggal` int(11) NOT NULL AUTO_INCREMENT, AUTO_INCREMENT=149;

--
-- AUTO_INCREMENT for table `detail_pindah`
--
ALTER TABLE `detail_pindah`
  MODIFY `id_detail_pindah` int(11) NOT NULL AUTO_INCREMENT, AUTO_INCREMENT=57;

--
-- AUTO_INCREMENT for table `kades`
--
ALTER TABLE `kades`
  MODIFY `id_kades` int(11) NOT NULL AUTO_INCREMENT, AUTO_INCREMENT=2;

--
-- AUTO_INCREMENT for table `keluhan`
--
ALTER TABLE `keluhan`
  MODIFY `id_keluhan` int(12) NOT NULL AUTO_INCREMENT, AUTO_INCREMENT=16;

--
-- AUTO_INCREMENT for table `kriteria`
--
ALTER TABLE `kriteria`
  MODIFY `id_kriteria` int(11) NOT NULL AUTO_INCREMENT, AUTO_INCREMENT=8;

--
-- AUTO_INCREMENT for table `penduduk`
--
ALTER TABLE `penduduk`
  MODIFY `id_penduduk` int(11) NOT NULL AUTO_INCREMENT, AUTO_INCREMENT=197;

--
-- AUTO_INCREMENT for table `subkriteria`
--
ALTER TABLE `subkriteria`
  MODIFY `id_subkriteria` int(11) NOT NULL AUTO_INCREMENT, AUTO_INCREMENT=44;

--
-- AUTO_INCREMENT for table `user`
--
ALTER TABLE `user`
  MODIFY `id` int(11) NOT NULL AUTO_INCREMENT, AUTO_INCREMENT=40;

--
-- AUTO_INCREMENT for table `user_role`
--
ALTER TABLE `user_role`
  MODIFY `id` int(11) NOT NULL AUTO_INCREMENT, AUTO_INCREMENT=4;

--
-- Constraints for dumped tables
--

--
-- Constraints for table `admin`
--
ALTER TABLE `admin`
  ADD CONSTRAINT `admin_ibfk_1` FOREIGN KEY (`role_id`) REFERENCES `user_role` (`id`);

--
-- Constraints for table `alternatif_kriteria`
--
ALTER TABLE `alternatif_kriteria`
  ADD CONSTRAINT `alternatif_kriteria_ibfk_1` FOREIGN KEY (`id_kriteria`) REFERENCES `kriteria` (`id_kriteria`) ON DELETE CASCADE ON UPDATE CASCADE,
  ADD CONSTRAINT `alternatif_kriteria_ibfk_2` FOREIGN KEY (`id_alternatif`) REFERENCES `alternatif` (`id_alternatif`) ON DELETE CASCADE ON UPDATE CASCADE,
  ADD CONSTRAINT `alternatif_kriteria_ibfk_3` FOREIGN KEY (`id_subkriteria`) REFERENCES `subkriteria` (`id_subkriteria`) ON DELETE SET NULL ON UPDATE CASCADE;

--
-- Constraints for table `detail_meninggal`
--
ALTER TABLE `detail_meninggal`
  ADD CONSTRAINT `detail_meninggal_ibfk_1` FOREIGN KEY (`id_penduduk`) REFERENCES `penduduk` (`id_penduduk`);

--
-- Constraints for table `detail_pindah`
--
ALTER TABLE `detail_pindah`
  ADD CONSTRAINT `detail_pindah_ibfk_1` FOREIGN KEY (`id_penduduk`) REFERENCES `penduduk` (`id_penduduk`);

--
-- Constraints for table `kades`
--
ALTER TABLE `kades`
  ADD CONSTRAINT `kades_ibfk_1` FOREIGN KEY (`role_id`) REFERENCES `user_role` (`id`) ON DELETE CASCADE ON UPDATE CASCADE;

--
-- Constraints for table `subkriteria`
--
ALTER TABLE `subkriteria`
  ADD CONSTRAINT `subkriteria_ibfk_1` FOREIGN KEY (`id_kriteria`) REFERENCES `kriteria` (`id_kriteria`) ON DELETE CASCADE ON UPDATE CASCADE;

--
-- Constraints for table `user`
--
ALTER TABLE `user`
  ADD CONSTRAINT `user_ibfk_1` FOREIGN KEY (`role_id`) REFERENCES `user_role` (`id`);
COMMIT;

/*!40101 SET CHARACTER_SET_CLIENT=@OLD_CHARACTER_SET_CLIENT */;
/*!40101 SET CHARACTER_SET_RESULTS=@OLD_CHARACTER_SET_RESULTS */;
/*!40101 SET COLLATION_CONNECTION=@OLD_COLLATION_CONNECTION */;
